channelId,title,category,score,seedQuery,region
UC474QOAov9dTP9Y1nZwupqw,Marathi Coding Shala,Tech,0.24,programming,TR
UCRPrtymFKLxHcyuA5bFRVug,just start programming,Tech,0.3,programming,TR
UC69_L7EGr60o19RelEre6PA,Smile Coding,Tech,0,programming,TR
UCgqletdqjYpzAoXxK2VygRg,Learn C#: Start Your New Programming Journey,Tech,1.7,programming,TR
UC-IHrF70iFQKHsz_byfgwYQ,DIU Computer Programming Club,Tech,0.2,programming,TR
UCZqzOaq_fGZu2r1UMhgrxHA,R Programming,Tech,0,programming,TR
UCoI9t6KemfcKJunDy7T9Xrw,Good Company Programming ,Tech,0,programming,TR
UCtTidj5sZh1Ttvy8Rg-6sfQ,Programming with Ibrahim,Tech,0.06,programming,TR
UCDGLFgAUX86-OSjfeqfLTxg,Tech Bhanu,Tech,1,tech,NG
UCwxF6IhmWmN2JgK5y-prUeA,SAURABH TECH POINT,Tech,0.91,tech,NG
UCEmfb6ep0xC-W-EFYk8cKkg,Tech Elite,Tech,1,tech,NG
UCgD-ZjCkiRkoD8QQwYM8HQQ,The Tech Fairs,Tech,0.94,tech,NG
UCVcyHSdv-RtrPsLesXVA6cQ,Tech Tricks Bangla,Tech,0.47,tech,NG
UCgqletdqjYpzAoXxK2VygRg,Learn C#: Start Your New Programming Journey,Tech,1,programming,ID
UCr6MiLlaUMajgJM0uENuOlw,srikanth reviews ,Tech,0.82,gadget review,IN
UCek2S6xXN7AlV-urteQn5bQ,Coding With AI,Tech,1,coding tutorial,BR
UCHBiYIVtZiAUvMXXWGTyuhQ,Code With Yasir Nawaz,Tech,0.88,coding tutorial,BR
UC30ZAS9dWCkzZ43gjApz3mw,Hunter FF Gameplay,Gaming,0.97,gameplay,JP
UCpLEtr_BW32M5MG5GVMkThw,THE XP HUNTER GAMING,Gaming,0.88,gameplay,JP
UCB7p1mk1EWKIRoeuZd78qfg,SHORTS.EGO.GAMING ,Gaming,1,gameplay,JP
UCS2wvFGFl9eGdYLG3qDCJ9Q,Raamex Gaming ,Gaming,1,gameplay,JP
UChr3jBW-KCM25uRmD9--D9Q,Gaming with Bikram,Gaming,1,gameplay,JP
UCPo4n2UHpVftfjFhErsG7Mw,Gameplay Mahim,Gaming,0.97,gameplay,JP
UCJzj22s0N2n8hMqiA9sDDaA,MR chhagan gaming,Gaming,0.82,gameplay,JP
UCxKmblKLCbKGmN-UCdagbqQ,Gaming Farjana,Gaming,0.88,gameplay,JP
UCCcDZKvw0KU4M5OZaAuXz1g,SHAKTI GAMING YT,Gaming,0.91,gameplay,JP
UC7jmX0C5xKAW0zLNARn5OOA,Fabrox Gaming,Gaming,0.88,gaming,EG
UCB7p1mk1EWKIRoeuZd78qfg,SHORTS.EGO.GAMING ,Gaming,1,gaming,EG
UCcw_PAtrWd4OMLIivoiDtBw,Last gaming yt,Gaming,0.76,gaming,EG
UCfLB5Yazhu_YnFA6VNJXwMw,Maths for My Future ,Education,0.85,math lesson,ES
