videoId,channelId,channelTitle,assignedChannelCategory,videoCategoryTitle,publishedAt,title,duration,viewCount,likeCount,commentCount
ohnnugBAO4s,UCRPrtymFKLxHcyuA5bFRVug,just start programming,Tech,Education,2025-10-09T13:51:55Z,Creating Console/Terminal Apps using Rust Programming + Ratatui - day20,PT1H30M4S,15,0,
SzmjUqq6b74,UCRPrtymFKLxHcyuA5bFRVug,just start programming,Tech,Education,2025-10-06T03:10:19Z,Creating Console/Terminal Apps using Rust Programming + Ratatui - day19,PT1H32M40S,133,4,
NyKqV44UAyQ,UCRPrtymFKLxHcyuA5bFRVug,just start programming,Tech,Education,2025-10-05T03:50:25Z,Creating Console/Terminal Apps using Rust Programming + Ratatui - day18,PT1H7M16S,55,0,
lBGpt0LFkUY,UCRPrtymFKLxHcyuA5bFRVug,just start programming,Tech,Education,2025-10-04T04:17:20Z,Creating Console/Terminal Apps using Rust Programming + Ratatui - day17,PT1H36M30S,102,3,
BZCIo7NG-bY,UCRPrtymFKLxHcyuA5bFRVug,just start programming,Tech,Education,2025-09-29T04:16:48Z,Creating Console/Terminal Apps using Rust Programming + Ratatui - day16,PT1H30M55S,38,0,
TVYPAmTzyOU,UCRPrtymFKLxHcyuA5bFRVug,just start programming,Tech,Education,2025-09-28T04:34:23Z,Creating Console/Terminal Apps using Rust Programming + Ratatui - day15,PT1H33M1S,93,1,
rfrLlpuRdmw,UCgqletdqjYpzAoXxK2VygRg,Learn C#: Start Your New Programming Journey,Tech,Science & Technology,2025-10-08T22:01:07Z,01 - About This Section - Section 17💻Learn C#,PT51S,2,1,0
7TRSzJZa5GY,UCgqletdqjYpzAoXxK2VygRg,Learn C#: Start Your New Programming Journey,Tech,Science & Technology,2025-10-07T19:39:53Z,16 - Quiz 12: First Touch with C# Language - Section 16💻Learn C#,PT1M10S,1,1,0
bk2v8SFCAr0,UCgqletdqjYpzAoXxK2VygRg,Learn C#: Start Your New Programming Journey,Tech,Science & Technology,2025-09-29T19:09:07Z,15 - General Structure of a C# Program - Section 16💻Learn C#,PT1M18S,1,0,0
Z0ujQ_HAbVs,UCgqletdqjYpzAoXxK2VygRg,Learn C#: Start Your New Programming Journey,Tech,Science & Technology,2025-09-29T19:04:44Z,14 - #region directive - Section 16💻Learn C#,PT1M20S,1,0,0
klPvDRnXz6k,UCgqletdqjYpzAoXxK2VygRg,Learn C#: Start Your New Programming Journey,Tech,Science & Technology,2025-09-28T18:24:38Z,13 - Discard - Section 16💻Learn C#,PT2M1S,1,0,0
IICRg273KdI,UCgqletdqjYpzAoXxK2VygRg,Learn C#: Start Your New Programming Journey,Tech,Science & Technology,2025-09-28T18:21:14Z,12 - C# Special Characters - Section 16💻Learn C#,PT59S,4,1,0
