channel_name,channel_id,channel_subscriberCount,channel_viewCount,channel_videoCount,channel_country,channel_publishedAt,category,date_pulled,snapshot_date
Best Ever Food Review Show,UCcAd5Np7fO8SeejB1FVKcYw,11800000,3024988013,792,US,2010-09-23T10:11:40Z,Food,2025-10-12T03:33:21.400593+00:00,
Rajshri Food,UCdegm7Y2AePJhkkmWCyYEwg,3350000,657222224,2039,IN,2011-10-12T07:30:32Z,Food,2025-10-12T03:33:21.567851+00:00,
Food Network,UC8Y-jrV8oR3s2Ix4viDkZtA,3080000,1065259741,7710,,2006-11-16T09:06:09Z,Food,2025-10-12T03:33:21.714373+00:00,
Insider Food,UCwiTOchWeKjrJZw7S1H__1g,5140000,2178315299,2122,US,2017-10-17T21:11:29Z,Food,2025-10-12T03:33:21.872648+00:00,
Guga Foods,UCfE5Cz44GlZVyoaYTHJbuZw,5340000,998911036,567,US,2015-07-30T14:45:08Z,Food,2025-10-12T03:33:22.174668+00:00,
Your Food Lab,UCe2JAC5FUfbxLCfAvBWmNJA,6870000,1557391679,1675,IN,2016-04-24T11:22:53Z,Food,2025-10-12T03:33:22.321561+00:00,
Vismai Food,UCBSwcEOp0PMwhvE6FVjgITw,4850000,2352781469,2151,IN,2016-12-02T06:01:18Z,Food,2025-10-12T03:33:22.473463+00:00,
More Best Ever Food Review Show,UCXw1ddyrUmib3zmCmvSI1ow,3520000,850580749,450,US,2019-05-31T03:40:11Z,Food,2025-10-12T03:33:22.622698+00:00,
Food Lovers TV,UC-Lq6oBPTgTXT_K-ylWL6hg,1210000,389631480,1256,IN,2015-12-16T04:44:02Z,Food,2025-10-12T03:33:22.931301+00:00,
푸드킹덤 Food Kingdom,UC4BfinFCS1o6t1tAsl0RVWQ,5250000,2873755881,1845,KR,2012-09-16T12:27:06Z,Food,2025-10-12T03:33:23.517228+00:00,
찐푸드 JJin Food,UCdz7HcTQOaHCoAEJBs-MlNQ,3170000,1224056777,840,KR,2020-04-16T13:48:26.473977Z,Food,2025-10-12T03:33:23.806438+00:00,
Sorted Food,UCfyehHM_eo4g5JUyWmms2LA,2900000,1349029975,2700,GB,2010-03-14T15:59:31Z,Food,2025-10-12T03:33:23.949233+00:00,
Everyday Food,UCl0kP-Cfe-GGic7Ilnk-u_Q,1730000,234941515,1966,,2012-02-17T15:02:56Z,Food,2025-10-12T03:33:24.381748+00:00,
Veg Village Food,UCbgYZnybgb6vPSBTxZUT2kA,6490000,2047870703,666,IN,2014-08-16T15:21:12Z,Food,2025-10-12T03:33:24.523889+00:00,
Food Fusion,UCuqBZWK9Wrol_4Y22DzisFQ,5190000,1834765301,4590,PK,2016-01-29T15:04:43Z,Food,2025-10-12T03:33:24.666569+00:00,
Meghna's Food Magic,UCdupQvA3NlGfyaPaZKWSgTA,1460000,270023301,1972,IN,2015-09-02T11:16:40Z,Food,2025-10-12T03:33:25.100621+00:00,
Food Wishes,UCRIZtPl9nb9RiXc9btSTQNw,4640000,1130539423,2455,,2007-01-15T23:58:35Z,Food,2025-10-12T03:33:25.708847+00:00,
Village food factory,UC-j7LP4at37y3uNTdWLq-vQ,4750000,1029587887,506,IN,2015-05-21T17:56:57Z,Food,2025-10-12T03:33:25.996942+00:00,
Food on Farm,UCncnlpiTnf89IJrekMKoa3A,2320000,807947858,522,IN,2021-05-31T17:40:21.603606Z,Food,2025-10-12T03:33:26.276888+00:00,
FastGoodCuisine,UCKq9JxyISqBHDd-fXfV3QtQ,6650000,2343011937,1006,FR,2012-08-28T17:45:30Z,Food,2025-10-12T03:33:26.414820+00:00,
The Food Ranger,UCiAq_SU0ED1C6vWFMnw8Ekg,5930000,920848382,390,AE,2013-03-13T06:36:41Z,Food,2025-10-12T03:33:26.977224+00:00,
The Food Theorists,UCHYoe8kQ-7Gn9ASOlmI0k6Q,5540000,1135467649,346,US,2020-05-29T18:07:38.290404Z,Food,2025-10-12T03:33:27.113753+00:00,
FoodFood,UCthIcpK06l9bhi9ISgreocw,1870000,309392239,4648,IN,2011-03-29T10:12:13Z,Food,2025-10-12T03:33:27.545926+00:00,
Viwa Food World,UCBB-MPp_uyVPJBsIO7vfe2Q,4480000,1034274549,543,IN,2017-08-29T17:39:49Z,Food,2025-10-12T03:33:27.974163+00:00,
Tasty Food,UCD9mU2rGEEwM9VDsvznPz5A,1720000,247999531,1176,,2013-09-22T13:09:23Z,Food,2025-10-12T03:33:28.260659+00:00,
Kun Foods,UCJEGvNxXunjqrcd2Xg9ntMQ,3220000,564065416,751,PK,2019-07-29T10:16:41Z,Food,2025-10-12T03:33:28.400456+00:00,
People Vs Food,UCHEf6T_gVq4tlW5i91ESiWg,12700000,1465992964,1023,US,2013-07-30T10:19:47Z,Food,2025-10-12T03:33:28.554648+00:00,
People Vs Food,UCHEf6T_gVq4tlW5i91ESiWg,12700000,1465992964,1023,US,2013-07-30T10:19:47Z,Food,2025-10-12T03:33:30.212299+00:00,
Mark Wiens,UCyEd6QBSgat5kkC6svyjudA,11400000,3042277753,1547,US,2009-02-02T18:47:12Z,Food,2025-10-12T03:33:30.822594+00:00,
Рецепты Simple Food с Юлией Шевчук,UCmeLhJSpEdc4-4FuEKRkASQ,3310000,494312793,1029,UA,2015-04-15T17:29:14Z,Food,2025-10-12T03:33:31.226452+00:00,
Street Food PK,UCt8NJjYKc2aT3T0TnbcWxSw,1420000,401306065,649,PK,2017-05-09T15:06:55Z,Food,2025-10-12T03:33:31.514572+00:00,
Bangladeshi Food Reviewer,UCR9-c_ryeb4OM_I3c3zUFYw,1600000,490029254,1501,BD,2012-04-13T12:07:23Z,Food,2025-10-12T03:33:31.794777+00:00,
Margo. Food,UCNIFTvgZcvHSKGknzGqIBPg,1020000,338082156,623,RU,2021-05-10T12:11:51.707516Z,Food,2025-10-12T03:33:32.361793+00:00,
Food Around The World,UCHZIF31Cnb89AzcFt7Xu9dg,1860000,494136001,319,UA,2021-11-02T23:27:52.7708Z,Food,2025-10-12T03:33:37.089510+00:00,
Food Around The World,UCHZIF31Cnb89AzcFt7Xu9dg,1860000,494136001,319,UA,2021-11-02T23:27:52.7708Z,Food,2025-10-12T03:33:39.512788+00:00,
Village Food Secrets,UCQexaAjPn3-1MCE4DmBK3Tg,4360000,990212649,1623,PK,2016-11-18T08:10:16Z,Food,2025-10-12T03:33:42.270248+00:00,
iMAD Tech,UCK2dUwh9zCm6fwZhQoBDNfQ,3230000,502024858,1094,IQ,2016-02-23T06:29:54Z,Tech,2025-10-12T04:38:57.483961+00:00,
Prasadtechintelugu,UCb-xXZ7ltTvrh9C6DgB9H-Q,4950000,1912578908,4947,IN,2015-11-12T05:14:19Z,Tech,2025-10-12T04:38:57.802836+00:00,
Linus Tech Tips,UCXuqSBlHAE6Xw-yeJA0Tunw,16500000,9005847320,7472,CA,2008-11-25T00:46:52Z,Tech,2025-10-12T04:38:57.949727+00:00,
Tech Burner,UCXUJJNoP1QupwsYIWFXmsZg,12500000,2415202315,1521,IN,2014-09-26T18:24:03Z,Tech,2025-10-12T04:38:58.535019+00:00,
Tech in Kannada,UCPMDhcBogBPsrGQWf5qnArg,1160000,183853476,2575,IN,2011-02-03T03:46:31Z,Tech,2025-10-12T04:38:59.292482+00:00,
Mr Perfect Tech,UCCya-YUszMuiTAR3lfYMuog,2090000,645744636,1190,IN,2020-01-03T17:05:06.813245Z,Tech,2025-10-12T04:38:59.584502+00:00,
Top! Tech,UCvRg_-z2D9c_hMO05YZgUrg,2070000,1194571314,2391,BR,2020-10-15T18:30:51.642792Z,Tech,2025-10-12T04:39:00.034173+00:00,
K Tech,UCJY41yD2uXdj3sV-8sMOcGw,1370000,175185054,1457,ES,2016-03-21T21:06:55Z,Tech,2025-10-12T04:39:00.184690+00:00,
 Trakin Tech Tamil,UCmJlSkSkgdXama3GSUgMC4g,1130000,322018673,995,IN,2022-10-03T12:14:44.138151Z,Tech,2025-10-12T04:39:00.477454+00:00,
Primitive Technology,UCAL3JXZSzSm8AlZyD3nQdBA,11000000,1190981049,96,AU,2015-05-01T23:35:46Z,Tech,2025-10-12T04:39:01.342017+00:00,
Trakin Tech,UCEPL07qzVsOcHd3sMUws65g,15400000,3098223373,4355,IN,2011-11-02T02:58:54Z,Tech,2025-10-12T04:39:01.801684+00:00,
I-TECH آي تك,UCAHbgYZRQcVa-NKXA3eyx2Q,1090000,271130517,1213,EG,2020-05-17T16:51:28.486472Z,Tech,2025-10-12T04:39:01.963472+00:00,
Loud Oli Tech,UCkpgytHFxc69qJzxkukYyOw,2080000,426134843,1880,IN,2015-10-12T12:54:05Z,Tech,2025-10-12T04:39:02.105010+00:00,
Gogi Tech,UCix7HIJ74fUDlHDkAAcyRPA,3810000,957778972,4677,IN,2011-07-18T17:02:27Z,Tech,2025-10-12T04:39:02.244921+00:00,
Joma Tech,UCV0qA-eDDICsRR9rPcnG7tw,2350000,193072244,89,US,2016-08-31T22:22:07Z,Tech,2025-10-12T04:39:02.680711+00:00,
The Tech Chap,UCzlXf-yUIaOpOjEjPrOO9TA,1600000,432217548,1214,GB,2015-01-21T14:14:19Z,Tech,2025-10-12T04:39:04.728064+00:00,
American Tech,UC8MFNkCuOrpcCxwe1AgPkZQ,1610000,324537535,948,US,2016-12-14T05:12:09Z,Tech,2025-10-12T04:39:07.812703+00:00,
Technology Connections,UCy0tKL1T7wFoYcxCe0xjN6Q,2910000,392860749,221,US,2014-11-09T21:54:10Z,Tech,2025-10-12T04:39:08.529995+00:00,
Tech FC,UCM8iDt4q_YFgM7V2xT9TEVg,3610000,410442622,1155,IN,2016-11-29T09:28:52Z,Tech,2025-10-12T04:39:09.410304+00:00,
Tech Boss,UCnKhQkCUS1oCEvjuTfU4xIw,4900000,2144575051,2027,IN,2018-04-12T04:49:58Z,Tech,2025-10-12T04:39:10.288492+00:00,
Kuba Klawiter,UCLr4hMhk_2KE0GUBSBrspGA,1000000,324351261,878,PL,2013-10-01T00:23:46Z,Tech,2025-10-12T04:39:13.850658+00:00,
Venom's Tech,UCltuKUCkE82ojAtPJy9rFQA,1330000,358301159,1270,IN,2020-03-15T10:09:16.807458Z,Tech,2025-10-12T04:39:13.994818+00:00,
Zach's Tech Turf,UCBS1NUWY7oC6FFHaXQy4zAA,1600000,2141593702,3289,US,2015-04-26T00:35:30Z,Tech,2025-10-12T04:39:18.608798+00:00,
BD-TECH NEWS,UCz2E-9syiDQMkOAL67dbvCg,1690000,265788727,2750,BD,2017-08-14T10:06:55Z,Tech,2025-10-12T04:39:22.217215+00:00,
Tech Spurt,UCVLN0tY51ewH44wUtx3YZTA,1320000,366919111,2285,GB,2018-05-01T04:21:43Z,Tech,2025-10-12T04:39:23.214006+00:00,
Quantum Tech HD,UC4Tklxku1yPcRIH0VVCKoeA,17500000,2638403418,440,ES,2015-06-08T13:31:37Z,Tech,2025-10-12T04:39:26.009414+00:00,
UFD Tech,UC4Z8mPYjn6Dhr6n531YDh0Q,1380000,2467652423,6672,US,2014-07-17T20:09:32Z,Tech,2025-10-12T04:39:28.606213+00:00,
Google Cloud Tech,UCJS9pqu9BzkAMNTmzNMNhvg,1270000,49473329,1886,US,2014-07-21T21:05:55Z,Tech,2025-10-12T04:39:29.759723+00:00,
Tech With Tim,UC4JX40jDee_tINbkjycV4Sg,1880000,188118773,1669,CA,2014-04-23T01:57:10Z,Tech,2025-10-12T04:39:32.381820+00:00,
Tamil Tech - MrTT,UC20sXo8ReewkzNKBFgzVCPA,4300000,1125174350,3580,IN,2016-02-13T18:45:14Z,Tech,2025-10-12T04:39:36.967299+00:00,
Tech Master,UCq30pSBD9tX6d5_xT5aNPoA,4770000,1349961657,1303,IN,2015-06-06T17:04:17Z,Tech,2025-10-12T04:39:39.012241+00:00,
WsCube Tech,UC0T6MVd3wQDB5ICAe45OxaQ,4150000,391911576,5825,IN,2015-08-22T13:22:51Z,Tech,2025-10-12T04:39:45.166160+00:00,
Tech Satire,UCON_gtDQSNnWS1gwBcqgRKg,1500000,542070332,1905,IN,2016-12-03T18:05:52Z,Tech,2025-10-12T04:39:45.766085+00:00,
Halka Tech,UCgUCgVN39J_9tYiBynbVqfg,1720000,395458497,423,IN,2022-01-10T21:52:06.640691Z,Tech,2025-10-12T04:39:48.903692+00:00,
Tech Unboxing,UCp3T5fUUJootTrVwGDdY6pw,1070000,189872290,1602,IN,2017-01-03T14:54:05Z,Tech,2025-10-12T04:39:50.082163+00:00,
Technology Gyan,UC1tVU8H153ZFO9eRsxdJlhA,15600000,1616439533,1344,IN,2015-11-17T16:25:30Z,Tech,2025-10-12T04:40:07.594677+00:00,
MR Tech Box,UC4w5MoY1LzPhGpvEaicwPzw,3210000,1194180885,1000,,2022-07-26T08:40:03.592517Z,Tech,2025-10-12T04:40:28.291325+00:00,Tech Travel Eat by Sujith Bhakthan,UCeoRAN5sr02w8_9aFWxIM4g,2290000,801499193,2443,IN,2016-08-01T16:13:49Z,Travel,2025-10-13T14:57:59.557517+00:00
Music Travel Love,UCLxAS02eWvfZK4icRNzWD_g,5840000,2448780117,112,US,2016-06-03T20:19:25Z,Travel,2025-10-13T14:57:59.731297+00:00
Katy Travels,UCxMFu13_V3Wuu3KASSYcF7w,1520000,99260976,289,AE,2015-01-15T15:13:00Z,Travel,2025-10-13T14:58:00.830447+00:00
Luxury Travel Expert,UCYxsXxbjJO1YYa9yQ3lKC8w,1340000,319105101,609,,2014-03-04T22:12:59Z,Travel,2025-10-13T14:58:01.009204+00:00
Travel Thirsty,UCHKVXtT1YBCYUnnr4apqXfg,8150000,3910727113,979,,2013-01-20T18:19:54Z,Travel,2025-10-13T14:58:01.714003+00:00
スーツ 旅行 / Suit Travel,UCuDdJRJ6qR-wGILbpq-FXCw,1110000,432394182,715,,2018-07-02T12:41:09Z,Travel,2025-10-13T14:58:02.081262+00:00
Traveling Desi,UChoyAdkZQVa4V7AbZshiLDg,3330000,983786774,1508,IN,2018-01-17T18:14:59Z,Travel,2025-10-13T14:58:02.601223+00:00
Travel and Share,UCk6RUGsfWI-3kPrDlMUfvfQ,1090000,120834790,1188,BR,2014-06-17T02:24:56Z,Travel,2025-10-13T14:58:04.407252+00:00
Fit and Travel,UCBMjORco1vbZmC1cf_xnEmg,1540000,167639339,311,TH,2011-11-08T11:30:15Z,Travel,2025-10-13T14:58:04.753577+00:00
Solo Solo Travel,UCtKSBH_lkYBMtTf4QS8YDAQ,1510000,305985858,111,JP,2021-10-04T01:24:53.119836Z,Travel,2025-10-13T14:58:11.490646+00:00
Travel with AK,UCBElRVEL-H0eDYdL2mb1Sng,1330000,255469465,317,IN,2019-12-17T10:29:22.102745Z,Travel,2025-10-13T14:58:59.353325+00:00
Chill Music Lab,UCwVQIkAtyZzQSA-OY1rsGig,1300000,200689923,251,US,2019-07-05T21:39:11Z,Music,2025-10-13T15:08:28.826296+00:00
JDED Music l جديد ميوزك,UCTvgMlBJWgcr5kVtxsl6RuA,3590000,2183548626,639,AE,2015-01-14T12:30:50Z,Music,2025-10-13T15:08:29.738532+00:00
TNT Sports Argentina,UCI5RY8G0ar-hLIaUJvx58Lw,1480000,752284453,37350,AR,2017-05-11T12:20:08Z,Sports,2025-10-13T15:14:26.069772+00:00
Sports Tak,UCVXCo0W9pk2dDkEBNLhTt7A,7750000,4487069185,50807,IN,2017-08-03T11:30:14Z,Sports,2025-10-13T15:14:26.069826+00:00
Little Sports,UCTIwFB4ciFi5ZCIu-VlwaOg,1320000,252407382,1506,GB,2019-10-03T14:47:23Z,Sports,2025-10-13T15:14:26.069835+00:00
CBS Sports,UCja8sZ2T4ylIqjggA1Zuukg,1090000,1205597312,35488,US,2007-07-19T10:28:44Z,Sports,2025-10-13T15:14:26.069843+00:00
TyC Sports,UC72ZaBKI-Bo5fjmWEYonhJw,3100000,1611376180,14395,AR,2013-04-18T14:39:48Z,Sports,2025-10-13T15:14:26.069851+00:00
beIN SPORTS France,UCfj4kQ6_mYO5r4hzX5KloVw,2680000,2059182207,19337,FR,2012-05-15T09:20:04Z,Sports,2025-10-13T15:14:26.069858+00:00
Sky Sports Premier League,UCNAf1k0yIjyGu3k9BwAg3lg,5690000,4980945418,13907,GB,2015-07-06T11:11:54Z,Sports,2025-10-13T15:14:26.069863+00:00
S Sport,UCpdSUUHlxMjO0c5824FGcsA,1560000,656240619,19828,TR,2018-02-21T09:49:16Z,Sports,2025-10-13T15:14:26.069869+00:00
Star Sports,UCmqfX0S3x0I3uwLkPdpX03w,9220000,4263147624,28458,IN,2006-12-11T15:14:17Z,Sports,2025-10-13T15:14:26.069875+00:00
Claro Sports,UCqfCJBfrFSO4tZM1LNZTBFQ,4830000,472224868,24267,MX,2013-12-05T21:50:21Z,Sports,2025-10-13T15:14:26.069882+00:00
CBS Sports Golazo,UCET00YnetHT7tOpu12v8jxg,2620000,3113245131,11298,US,2020-06-26T17:51:20.684238Z,Sports,2025-10-13T15:14:26.069890+00:00
One Sports,UCXDG9ue-emCN8Ad3h7lERqQ,4900000,2490605871,43705,PH,2015-02-09T09:58:42Z,Sports,2025-10-13T15:14:26.069901+00:00
beIN SPORTS Türkiye,UCPe9vNjHF1kEExT5kHwc7aw,2450000,1836677483,14373,TR,2013-11-23T13:11:05Z,Sports,2025-10-13T15:14:26.069911+00:00
beIN SPORTS,UCJUCcJUeh0Cz2xyKwkw5Q1w,14900000,2512710987,7150,QA,2014-02-21T08:25:40Z,Sports,2025-10-13T15:14:26.069920+00:00
T Sports,UC2t9imwIR7xlDfma3CmRKJQ,5790000,1289736312,23060,BD,2020-10-02T06:43:03.408024Z,Sports,2025-10-13T15:14:26.069927+00:00
TNT Fight Sports,UC-hWvVvE-crFl5vg5G8QbqA,1200000,727808347,3250,GB,2018-10-16T13:59:25Z,Sports,2025-10-13T15:14:26.069933+00:00
NBC Sports,UCqZQlzSHbVJrwrn5XvzrzcA,5080000,4911746159,42307,US,2012-02-07T14:52:11Z,Sports,2025-10-13T15:14:26.069947+00:00
Win Sports,UCZjpA3YBPXvJv3pg4SPEjfw,1720000,825218768,30158,CO,2012-11-06T16:52:52Z,Sports,2025-10-13T15:14:26.069955+00:00
LALIGA EA SPORTS,UCTv-XvfzLX3i4IGWAm4sbmA,13500000,4504265050,51974,ES,2006-07-13T23:41:14Z,Sports,2025-10-13T15:14:26.069963+00:00
Sky Sports News,UCcw05gGzjLIs5dnxGkQHMvw,1730000,1014738853,14467,GB,2017-08-03T09:36:40Z,Sports,2025-10-13T15:14:26.069973+00:00
TNT Sports Football,UC4i_9WvfPRTuRWEaWyfKuFw,6160000,3620122450,14828,GB,2013-01-02T14:09:35Z,Sports,2025-10-13T15:14:26.069982+00:00
TNT Sports Brasil,UCs-6sCz2LJm1PrWQN4ErsPw,12300000,3843506441,12966,BR,2009-10-30T00:30:39Z,Sports,2025-10-13T15:14:26.069990+00:00
CANAL+ Sport,UC8ggH3zU61XO0nMskSQwZdA,1810000,1543399808,31430,FR,2017-05-16T14:54:46Z,Sports,2025-10-13T15:14:26.069998+00:00
Zayed Gaming,UC4TxgMqbSaNeWJAnp6aKbyQ,1300000,292707762,1368,AE,2015-05-05T10:12:20Z,Gaming,2025-10-13T15:26:24.666654+00:00
WhatCulture Gaming,UCvO9Xk3bheuxEemvknCj72g,1700000,961444638,6678,,2015-09-22T11:05:15Z,Gaming,2025-10-13T15:26:24.666714+00:00
Senpai Gaming,UCATWC1JSlhzmYeDbjnS8WwA,715000,98130028,592,US,2016-11-15T17:40:34Z,Gaming,2025-10-13T15:26:24.666725+00:00
Gamster Gaming,UCcj5uTX8Z1xGB0pGm_X52XQ,1820000,498828570,1378,MX,2015-12-25T07:46:02Z,Gaming,2025-10-13T15:26:24.666736+00:00
T Gaming,UCVjCsq6PCd1RxrhkOfuGMsw,2600000,2207616831,4120,VN,2016-06-01T14:56:59Z,Gaming,2025-10-13T15:26:24.666743+00:00
Gaming Historian,UCnbvPS_rXp4PC21PG2k1UVg,1090000,144874232,144,US,2006-07-17T15:22:55Z,Gaming,2025-10-13T15:26:24.666751+00:00
Modern Vintage Gamer,UCjFaPUcJU1vwk193mnW_w1w,907000,216275823,594,US,2007-12-28T04:30:19Z,Gaming,2025-10-13T15:26:24.666759+00:00
Orange Juice Gaming,UC3S6nIDGJ5OtpC-mbvFA8Ew,3620000,2191661571,3643,CA,2015-04-21T04:47:45Z,Gaming,2025-10-13T15:26:24.666766+00:00
MrBeast Gaming,UCIPPMRA040LQr5QPyJEbmXA,50600000,9483382825,155,US,2020-04-07T18:46:13.80072Z,Gaming,2025-10-13T15:26:24.666778+00:00
Tribe Gaming,UCvwd8ip8psK850ocD-Re3Fg,925000,321397878,1053,US,2017-02-27T22:07:24Z,Gaming,2025-10-13T15:26:24.666789+00:00
Vebv Gaming,UCxXoLC9O1-dEjL8tkEaBl6g,580000,125178928,1629,IN,2021-01-14T19:36:57.62885Z,Gaming,2025-10-13T15:26:24.666797+00:00
放課後 GAMING LIFE,UCvmTVIw2ZCJg49XHR0OoSAg,1370000,397295327,862,JP,2021-09-22T04:35:37.357489Z,Gaming,2025-10-13T15:26:24.666806+00:00
Smosh Games,UCJ2ZDzMRgSrxmwphstrm8Ww,8270000,3672015111,4037,US,2011-07-07T21:11:55Z,Gaming,2025-10-13T15:26:24.666813+00:00
Gaming Follow,UC_rVZCm-6E4y5qw5rtq9TbQ,1330000,253616072,669,TH,2013-07-06T06:40:24Z,Gaming,2025-10-13T15:26:24.666819+00:00
Flight Gamer,UCt3mMVAyGhwQb_ZBGp_p85g,8350000,2013585509,1191,IN,2020-05-20T03:18:57.810343Z,Gaming,2025-10-13T15:26:24.666826+00:00
Onespot Gaming,UCv5gQgP_uGbJxImWVoUC_Ng,3560000,1617894912,3005,IN,2016-04-27T07:58:25Z,Gaming,2025-10-13T15:26:24.666833+00:00
Toinelag Gaming,UCbXIt5MtclbWKts5eHQsmew,512000,92042531,68,FR,2023-10-13T14:13:44.51852Z,Gaming,2025-10-13T15:26:24.666840+00:00
Bi Huỳnh Gaming,UCKHGKR_8mQcCuSOoagfpdBA,1370000,324279975,172,VN,2021-12-31T06:43:00.180395Z,Gaming,2025-10-13T15:26:24.666849+00:00
ARTA GAME,UCYQ8oHPbnZ1sLBjiCSdP8ZQ,5840000,2449075079,2190,ES,2017-07-24T17:34:36Z,Gaming,2025-10-13T15:26:24.666856+00:00
Lovely Gaming,UC261_KcN9A6EIie_Rq0vlWg,1860000,387904375,568,IN,2019-12-27T10:23:31.938193Z,Gaming,2025-10-13T15:26:24.666864+00:00
Let's Game It Out,UCto7D1L-MiRoOziCXK9uT5Q,6200000,1628301861,739,US,2016-11-17T17:02:03Z,Gaming,2025-10-13T15:26:24.666872+00:00
Get Good Gaming,UCJLFizUO3gCQnyiYKMYvUgg,1610000,639279152,773,US,2015-04-08T20:01:32Z,Gaming,2025-10-13T15:26:24.666880+00:00
SQUEEZIE GAMING,UCY-_QmcW09PHAImgVnKxU2g,5050000,2633328984,1602,FR,2018-09-10T15:26:08Z,Gaming,2025-10-13T15:26:24.666888+00:00
Game Two,UCFBapHA35loZ3KZwT_z3BsQ,525000,248910464,1298,DE,2016-11-16T10:47:03Z,Gaming,2025-10-13T15:26:24.666899+00:00
Ceave Gaming,UCFXc5nAao6554AIXlN9KgwQ,500000,158668368,239,AT,2016-01-03T19:29:04Z,Gaming,2025-10-13T15:26:24.666909+00:00
Legacy Gaming,UCmlqW3C9C0_gA0LufzbHfKg,502000,137623746,2001,US,2017-07-19T18:09:38Z,Gaming,2025-10-13T15:26:24.666917+00:00
K-City Gaming,UCnQ4TDbESxZ47uBH6cB_Nrg,1680000,1137971984,632,US,2016-04-06T21:49:37Z,Gaming,2025-10-13T15:26:24.666925+00:00
Legends of Gaming NL,UC97XthQ7oIOfAWIGPoyFDYQ,534000,198191176,820,NL,2015-12-08T16:51:51Z,Gaming,2025-10-13T15:26:24.666933+00:00
MSI Gaming,UCezxSW8kVueIU0pr_rukbYA,1480000,351262810,1731,TW,2013-01-14T10:14:46Z,Gaming,2025-10-13T15:26:24.666942+00:00
Leika Gaming,UCK-MkOW15OyC6aWw0HQE9hw,1980000,990751741,3048,ID,2021-10-01T17:18:02.439886Z,Gaming,2025-10-13T15:26:24.666949+00:00
GMi Gaming,UCGOR7gZunIWOnKuX1cC0bEg,783000,587560457,1638,VN,2017-05-29T12:55:34Z,Gaming,2025-10-13T15:26:24.666958+00:00
Flow Games,UCUZfhX79dQrJvAgYefiXCCA,753000,163569749,2644,BR,2022-02-18T00:00:33.643657Z,Gaming,2025-10-13T15:26:24.666966+00:00
RakaZone Gaming,UCRj_BU95SebaRi2FziXEoTg,506000,85248929,1166,IN,2016-01-14T08:53:14Z,Gaming,2025-10-13T15:26:24.666976+00:00
ND Gaming,UC2ArKq3GKdiA6ufRwE2NytQ,1190000,711976158,3816,VN,2013-10-29T05:17:16Z,Gaming,2025-10-13T15:26:24.666988+00:00
LUCCAS TOON GAMES,UCFavCrh1No6Bkd0SRj8mqxA,1850000,381942015,1224,BR,2020-07-01T20:47:55.776821Z,Gaming,2025-10-13T15:26:27.264438+00:00
Luminosity Gaming,UCaTufjz-GIsLmc86CxhjSnw,658000,5318403,232,US,2015-03-06T20:30:52Z,Gaming,2025-10-13T15:26:27.264466+00:00
Titi Games,UCPG7VLW5ERyzfvcxglNKLEQ,1130000,429196834,376,US,2017-08-13T03:07:08Z,Gaming,2025-10-13T15:26:27.264470+00:00
مصطفى GAME OVER,UC3CFqU4KlktVPPJ1Km87pRg,12300000,4401559140,1176,AE,2012-10-04T20:23:10Z,Gaming,2025-10-13T15:26:27.264476+00:00
KairosTime Gaming,UCmG2EhfOwSjpPMX4LjGY__A,1500000,573005155,1412,US,2016-07-01T15:03:46Z,Gaming,2025-10-13T15:26:27.264482+00:00
Mary Games,UCpNmFOSrkfqsmc37_UrCbZA,1450000,202534508,799,BR,2022-08-04T11:54:53.687194Z,Gaming,2025-10-13T15:26:27.264486+00:00
Maria Clara e JP Games,UC8ulq7-s7s2k2HGt9QU19Yg,1740000,494296015,225,,2020-04-19T21:59:40.321193Z,Gaming,2025-10-13T15:26:27.264489+00:00
Caraca Games,UCCOuQ4dNEva48N4kdAaxrfg,730000,322816539,2828,BR,2014-08-28T18:41:21Z,Gaming,2025-10-13T15:26:27.264493+00:00
JKrew Gaming,UCpbvCjJ68yt_N2WUpufLaCQ,2630000,1731694348,1110,US,2020-09-29T17:11:53.640065Z,Gaming,2025-10-13T15:26:27.264497+00:00
Phê Game,UCTF0ldaORTbCfx2ahvFfYWg,801000,384254638,2613,VN,2018-10-18T02:53:00Z,Gaming,2025-10-13T15:26:27.264501+00:00
Game Master Network,UCX-EPC5_NsFmRFkfzTFaP9Q,3040000,695130095,275,US,2018-08-30T05:47:29Z,Gaming,2025-10-13T15:26:27.264504+00:00
Game Maker's Toolkit,UCqJ-Xo29CKyLTjn6z2XwYAw,1690000,207913036,228,GB,2006-06-04T17:57:38Z,Gaming,2025-10-13T15:26:27.264508+00:00
NewRise Gaming,UCHfaPRXG4fN-Sb3oJvQm-6w,1100000,398317581,414,IN,2020-07-21T13:45:23.642454Z,Gaming,2025-10-13T15:26:27.264512+00:00
HAMID-T GAMER,UCtLpOf_YKyTFUwcUuR3Ug-g,630000,224002354,454,IN,2023-07-20T21:12:29.379601Z,Gaming,2025-10-13T15:26:27.264517+00:00
ElMariana Gaming,UC52YgT6TITyBpck82V_N_8g,8970000,2049267732,914,MX,2017-01-13T03:19:18Z,Gaming,2025-10-13T15:26:27.264520+00:00
SONA GAMING ,UCzpudUXP9eMJj8Evl1qRZQg,564000,105191987,232,IN,2024-01-20T15:59:30.463148Z,Gaming,2025-10-13T15:26:27.264524+00:00
Abra Games,UCD7cME-Cr64LY0dKgwC1L4Q,528000,283431193,2745,PL,2019-10-11T22:22:33.123286Z,Gaming,2025-10-13T15:26:27.264528+00:00
Mysterious Gamer,UCCvrEByaKT-d-CNITzqPWzw,2660000,1264550220,1858,OM,2019-12-14T21:45:50.309494Z,Gaming,2025-10-13T15:26:27.264532+00:00
Epic Games,UC5Qk8mWBwtMyEj7iQQYRk1A,561000,68204328,3101,US,2009-03-05T07:21:37Z,Gaming,2025-10-13T15:26:27.264536+00:00
Trực Tiếp Game,UCc_gMV4N9vJtpy7GcMUHaVw,1990000,1274803821,4411,VN,2016-06-25T17:12:29Z,Gaming,2025-10-13T15:26:27.264540+00:00
Kick Game,UCJYi8RCFsJiLgKqmLSz5NMw,1130000,657195089,436,GB,2016-09-21T08:58:27Z,Gaming,2025-10-13T15:26:27.264544+00:00
Desi Gamers,UCuApqv2tNQ73S7gcfrfCSDw,17300000,2841054476,1493,IN,2015-05-11T05:43:04Z,Gaming,2025-10-13T15:26:27.264549+00:00
The Social Brains,UC0_36RirUPzzsFWaLJ-yfGg,546000,20648045,133,IN,2023-03-10T09:42:50.184081Z,Education,2025-10-13T15:57:45.705211+00:00
GEOGRAPHY QUESTION & ANSWER,UChuqRyDY8O5bGZtRQCFIaZg,906000,108056609,5616,IN,2018-09-21T19:08:27Z,Education,2025-10-13T15:57:45.705315+00:00
Éducation Plus,UCT7mRbLNdmU0jvn6eXaRbHQ,541000,84534731,1507,FR,2015-10-05T08:40:53Z,Education,2025-10-13T15:57:45.705340+00:00
Samrat Exclusive,UCoqGVRx-OzwANk9b17swf9Q,2050000,209013188,2482,IN,2011-09-27T17:30:08Z,Education,2025-10-13T15:57:45.705361+00:00
Zaki Saudagar,UCEeey_4nQMkhTTd0J2HZxoA,688000,91357924,624,IN,2016-06-20T19:55:21Z,Education,2025-10-13T15:57:45.705419+00:00
Raviraj Master,UCyKeaEaELeBxOu5Z0TRVJhg,2140000,2853752979,1851,IN,2012-10-13T06:06:22Z,Education,2025-10-13T15:57:45.705451+00:00
Tricky Maths Education Adda,UCCpSTBr5nxLCyMEsyTSxNEA,2190000,160201025,2684,IN,2016-08-26T17:55:38Z,Education,2025-10-13T15:57:45.705472+00:00
Nitish Rajput,UC6WzPg6yxF9dQx2_O6R4lww,7810000,805867553,104,IN,2020-04-29T17:18:25.574824Z,Education,2025-10-13T15:57:47.344286+00:00
KIDZOKI,UCkMeKbUvJ7D881mMcYqsNMQ,4770000,10236063923,642,US,2024-02-06T08:52:37.783586Z,Education,2025-10-13T15:57:47.344332+00:00
Maya and Mary,UC50vBAtklUoJF1Wx5q0pmuw,26700000,7989352366,735,US,2013-08-30T18:47:57Z,Education,2025-10-13T15:57:47.344339+00:00
Friendly Learning,UCgzDCYjPojwbyQCUQLAMCuA,729000,79754190,2276,IN,2015-06-24T17:10:38Z,Education,2025-10-13T15:57:47.344361+00:00
GYRUS SULCUS,UCpBRZ6j0oAkjyd3FLr4yPtA,729000,160610844,286,IN,2016-09-11T03:44:03Z,Education,2025-10-13T15:57:47.344382+00:00
MEOWJI,UCZ5FV000uOKva7-9p34bVQw,7580000,15574413985,770,US,2023-07-17T05:50:04.579198Z,Education,2025-10-13T15:57:47.344386+00:00
Kidi Fun,UCKG_7KqdGT4YceIh-lCfNUA,9400000,16007730885,436,FR,2016-06-12T22:20:18Z,Education,2025-10-13T15:57:47.344391+00:00
BBC News,UC16niRr50-MSBwiO3YDb3RA,18800000,6397190100,27134,GB,2006-04-08T05:51:05Z,News,2025-10-13T16:07:13.676140+00:00
Firstpost,UCz8QaiQxApLq8sLNcszYyJw,8840000,4564915588,61297,IN,2019-10-10T08:29:47.771142Z,News,2025-10-13T16:07:13.676259+00:00
I've Had It,UCZ5cvDR2HhVUcdVoTvvQKLw,1320000,313709710,2081,US,2022-10-20T14:32:25.743233Z,News,2025-10-13T16:07:13.676282+00:00
ATN Bangla News,UCbgcYEdMsuypG2NJ-znBp3w,8820000,3515788235,76123,BD,2018-01-31T11:20:05Z,News,2025-10-13T16:07:13.676305+00:00
Fox News,UCXIJgqnII2ZOINSWNOGFThA,14500000,22491679272,127426,US,2006-09-19T01:48:52Z,News,2025-10-13T16:07:13.676322+00:00
CBC News,UCuFFtHWoLl5fauMMD5Ww2jA,4400000,2674328851,40709,CA,2014-07-25T13:46:46Z,News,2025-10-13T16:07:13.676359+00:00
Geo News,UC_vt34wimdCzdkrzVejwX9g,20100000,11376723833,318161,PK,2007-01-10T19:16:49Z,News,2025-10-13T16:07:13.676392+00:00
SAMAA TV,UCJekW1Vj5fCVEGdye_mBN6Q,13900000,7522595949,232071,PK,2011-06-14T13:30:37Z,News,2025-10-13T16:07:13.676412+00:00
F*cksNews,UCc8o0cT4aD3n1Bw3k5GIdQQ,1300000,311897535,208,CO,2012-12-04T17:40:34Z,News,2025-10-13T16:07:13.676428+00:00
DLS News,UCw0ry7cLRUnq3Oaszlhgqfg,22900000,3540904680,7474,IN,2017-07-05T09:00:09Z,News,2025-10-13T16:07:13.676449+00:00
ETV Andhra Pradesh,UCJi8M0hRKjz8SLPvJKEVTOg,7770000,6048720992,441070,IN,2011-10-28T11:51:58Z,News,2025-10-13T16:07:13.676464+00:00
MeidasTouch,UC9r9HYFxEQOBXSopFS61ZWg,5470000,7859148967,18655,US,2010-05-13T23:02:14Z,News,2025-10-13T16:07:13.676490+00:00
Bangla TV Europe,UCgsp7WfVvh94TiDoPagPkrg,1560000,395434097,25063,BD,2017-01-22T07:25:14Z,News,2025-10-13T16:07:13.676508+00:00
Sun News,UCYlh4lH762HvHt6mmiecyWQ,11100000,9030096335,195270,IN,2016-01-27T05:26:40Z,News,2025-10-13T16:07:13.676525+00:00
India Today,UCYPvAwZP8pZhSMW8qs7cVCw,10800000,5217586285,272901,IN,2015-05-23T16:07:12Z,News,2025-10-13T16:07:13.676541+00:00
Newsfirst Sri Lanka,UCgnFSj7jQffD5V5m05j4dPw,3000000,1646082560,316286,LK,2011-07-02T17:12:55Z,News,2025-10-13T16:07:13.676558+00:00
DB Live,UCBbpLKJLhIbDd_wX4ubU_Cw,10000000,5517900468,101351,IN,2016-03-10T07:22:55Z,News,2025-10-13T16:07:13.676574+00:00
Explain America,UCsMSFwBF-4SWD5msARwYkdw,554000,294965924,5010,US,2022-04-26T19:56:54.145896Z,News,2025-10-13T16:07:13.676592+00:00
ABC News,UCBi2mrWuNuyYy4gbM6fU18Q,19000000,17241362306,105825,US,2006-08-07T23:12:21Z,News,2025-10-13T16:07:13.676609+00:00
BanglaVision NEWS,UCA4y9g_GRdNrZLH_u5LLSdw,8790000,3575287714,64009,BD,2017-01-18T07:42:51Z,News,2025-10-13T16:07:13.676626+00:00
ABS-CBN News,UCE2606prvXQc_noEqKxVJXA,18600000,13517984845,266586,PH,2009-10-22T09:54:04Z,News,2025-10-13T16:07:13.676642+00:00
CTV News,UCi7Zk9baY1tvdlgxIML8MXg,2150000,2457894977,74014,CA,2015-02-02T20:08:27Z,News,2025-10-13T16:07:13.676660+00:00
inside nepal news,UC3v3VpUyf34SLfN1IyUlMeA,963000,189540862,2780,NP,2016-05-23T10:49:06Z,News,2025-10-13T16:07:13.676678+00:00
TIMES NOW Navbharat,UCMk9Tdc-d1BIcAFaSppiVkw,22100000,17983505758,236452,IN,2021-07-09T13:51:54.229598Z,News,2025-10-13T16:07:13.676697+00:00
asianetnews,UCf8w5m0YsRa8MHQ5bwSGmbw,11200000,11923141338,395617,IN,2008-09-25T20:14:04Z,News,2025-10-13T16:07:13.676714+00:00
Nazarbattu भारत,UCEXvfeAFhobLO8dPYRNqAWA,2780000,2699802897,2191,IN,2022-04-14T11:03:00.206199Z,Comedy,2025-10-13T16:41:42.173453+00:00
Rocky Sharma,UCkoPRWCa72mdx2DdMB0WL0A,2280000,2170725227,2015,IN,2021-03-08T12:55:21.470848Z,Comedy,2025-10-13T16:41:42.173499+00:00
Troll Comment ,UC8pv_TY-9spkFZj2BsdghVA,101000,59188451,384,IN,2022-11-30T10:13:17.212784Z,Comedy,2025-10-13T16:41:42.173511+00:00
Ashutosh Bala ,UCTyaDtFQ6LIhEuyuXlS_AcQ,1370000,792342275,6489,IN,2020-07-03T16:29:15.609616Z,Comedy,2025-10-13T16:41:42.173520+00:00
Brijkishor Patel Vlog,UCyBIQBPJvZBZDNZ-oTRUfog,13200000,5755257527,2428,IN,2022-03-22T00:13:13.262723Z,Comedy,2025-10-13T16:41:42.173528+00:00
Rodrigo Marques,UCeXvZXwnFgf0_oJfOaSZGkA,846000,153263650,458,BR,2013-07-29T21:12:36Z,Comedy,2025-10-13T16:41:42.173539+00:00
Tyler Vitelli,UC1EALOoYjviTgAakJ-phJFg,5560000,6347720612,1056,US,2023-08-15T08:29:05.760709Z,Comedy,2025-10-13T16:41:42.173552+00:00
Mursaleen Kaliya,UCdhxqPspFd02-U2eeUVeK7g,119000,105029707,2621,IN,2021-08-19T16:56:24.960779Z,Comedy,2025-10-13T16:41:42.173565+00:00
News18 Kannada,UCa-vioGhe2btBcZneaPonKA,5020000,4215021839,228314,IN,2017-01-12T13:57:51Z,Comedy,2025-10-13T16:41:42.173574+00:00
Ruchi Mohit,UCqcX3GTjlPncKFJ109ALoow,322000,62552487,118,IN,2023-01-01T10:29:27.293294Z,Comedy,2025-10-13T16:41:42.173599+00:00
Smiley Times,UC8kiMUOJ0o5P4Jp_4d78g0g,294000,297165830,65,,2025-05-01T17:55:53.660893Z,Comedy,2025-10-13T16:41:42.173616+00:00
COMEDY DANGAL,UCJ0l-Cmka_sEys5yNS-h5Bw,183000,4324096,312,IN,2021-10-24T13:53:55.125356Z,Comedy,2025-10-13T16:41:42.173634+00:00
Abd Aziz,UCLaWAysmDZpAOREFPy00arg,204000,131332675,384,,2025-04-14T06:57:53.508723Z,Comedy,2025-10-13T16:41:42.173643+00:00
Mr.Liberty,UCCtuAtCgn-dReZhJLqjetvg,262000,156127137,867,IN,2024-04-13T03:57:45.929428Z,Comedy,2025-10-13T16:41:42.173652+00:00
Meri Pyari Guriya,UCkHeXP25CASkKe62lh5ttCw,2950000,1688803655,3454,,2022-08-02T04:24:48.833451Z,Comedy,2025-10-13T16:41:42.173663+00:00
OSR Reality,UCNU2Xe6kr6OJDxWGDXa66gQ,2470000,815754959,2957,US,2019-09-18T05:49:00Z,Comedy,2025-10-13T16:41:42.173677+00:00
Bharati Bangale,UCyf-o7iT1K_82EkcnRlcRww,223000,201925967,2547,,2022-04-20T14:27:23.624715Z,Comedy,2025-10-13T16:41:42.173687+00:00
RNB GANG,UCaipwzFR3wIRtNF-zdkFA6g,264000,163040123,236,IN,2025-01-12T14:53:43.694398Z,Comedy,2025-10-13T16:41:42.173701+00:00
Ridwan Tuwilll,UCLplsVqwuYzyeveitStRfcA,1100000,679311864,2993,ID,2015-11-27T18:44:31Z,Comedy,2025-10-13T16:41:42.173712+00:00
Trilok Choudhary,UC4oWnBpj7CmoJDwtR8K6YcA,210000,63538134,340,IN,2018-10-17T05:38:29Z,Comedy,2025-10-13T16:41:42.173724+00:00
Yomkele,UC7cHX0XTr_WBfwsn1B4jmcw,134000,124052757,67,GB,2025-05-20T15:54:36.853644Z,Comedy,2025-10-13T16:41:42.173740+00:00
HARSIDDHI TIGER GROUP -2,UC_HPDXLMT_w6AosxSlRwTgw,602000,242895349,696,IN,2017-03-11T02:22:00Z,Comedy,2025-10-13T16:41:42.173752+00:00
Dimag comedy ,UCk8owwTqSBZCJwz8VEcvOOA,155000,113776099,1235,IN,2023-01-21T02:27:24.276467Z,Comedy,2025-10-13T16:41:42.173763+00:00
Azaz Vines,UCBLoSgPsv9kNZNYRjsj7LNw,810000,711996419,414,IN,2020-08-16T04:59:05.098001Z,Comedy,2025-10-13T16:41:42.173775+00:00
Pandurang Waghmare Comedian ,UCisqoUzAbH8m1lCA1qSSRVQ,852000,493291347,2789,IN,2019-05-21T06:40:04Z,Comedy,2025-10-13T16:41:43.994971+00:00
LADU THEKADAR,UC9_BBEgdLs4Ek4j5nsCmagw,521000,128261599,313,IN,2022-03-15T08:48:37.644522Z,Comedy,2025-10-13T16:41:43.995017+00:00
Abdullah Tariq Khan,UCAtPSqJwzFb0C15lS2CZ2rg,6890000,5574778716,2478,PK,2020-10-27T18:58:23.27596Z,Comedy,2025-10-13T16:41:43.995028+00:00
Güldür Güldür,UCdlEXiVLTEvA280oyMvr8Kw,3950000,6099380011,7680,TR,2013-02-18T13:53:14Z,Comedy,2025-10-13T16:41:43.995038+00:00
Chunnu Munnu Vines,UCexFjP5XTqDFrokLWRMtxsg,15100000,8598840337,1134,IN,2020-07-06T09:29:45.68189Z,Comedy,2025-10-13T16:41:43.995049+00:00
Imsubu Official,UCbNFYkTWQVUTs_n5Hqbt8bg,6460000,5811741516,1733,IN,2014-02-09T06:57:55Z,Comedy,2025-10-13T16:41:43.995058+00:00
sara nareen,UC9BTYwZJdXFCqiRglUWBssA,2500000,3157454433,1709,IN,2020-07-23T07:51:51.889655Z,Comedy,2025-10-13T16:41:43.995066+00:00
AISHNA NARWAL,UCGpXSTdl9ghVuZEoJkyhVbA,219000,131969822,1669,IN,2012-12-25T13:57:40Z,Comedy,2025-10-13T16:41:43.995088+00:00
IRPAN IRMA,UCDxgu1jkDuKoKxOZGSUIUNQ,498000,148389238,1829,US,2015-04-26T03:51:22Z,Comedy,2025-10-13T16:41:43.995097+00:00
Prijay Official,UCfSNeMONwpLGp7WZZWp9UtQ,143000,205271161,1767,IN,2024-05-23T18:55:29.428599Z,Comedy,2025-10-13T16:41:43.995106+00:00
UB Comedy Club,UCy9y9EZGXOd1odg8vsD7g2A,459000,125234219,446,US,2015-06-20T08:08:46Z,Comedy,2025-10-13T16:41:43.995115+00:00
ASquare Crew,UCg3Yp01GB7kBbbvWMoY2VxQ,2980000,1442919084,1132,NP,2017-02-07T12:33:09Z,Comedy,2025-10-13T16:41:43.995124+00:00
ETV Dhee,UCoY_p16GEbOQPgES1-wXpYg,12500000,11376901116,9314,IN,2017-10-10T06:11:45Z,Comedy,2025-10-13T16:41:43.995132+00:00
AN Verma Vlog 11,UCgLpoDYRxcbYDNuJxMqab2w,2370000,2629032256,462,IN,2024-03-30T08:48:33.222668Z,Comedy,2025-10-13T16:41:43.995145+00:00
SoNeha Vlogs,UC-AsdovtapbZnNougqi6EGg,4150000,4047353556,581,IN,2023-06-06T16:00:41.758496Z,Comedy,2025-10-13T16:41:43.995157+00:00
Gudiya official 23,UCmTDurMQQTq7XRuirqmVBeg,1380000,898477910,3974,IN,2019-03-27T07:43:06Z,Comedy,2025-10-13T16:41:43.995168+00:00
AloF Ar,UCmoO8au_PlsrHo4ZVovwK2Q,217000,124283914,484,IN,2018-10-25T15:43:15Z,Comedy,2025-10-13T16:41:43.995177+00:00
Viga,UCdvM-ErKpO642ZLufwzm2qw,1560000,549634854,7047,ID,2019-06-22T06:37:56Z,Comedy,2025-10-13T16:41:43.995186+00:00
HUGA,UCZEXDMFttrcJo-ylzkcaE7g,496000,193462724,942,,2020-12-01T23:39:37.551009Z,Comedy,2025-10-13T16:41:43.995198+00:00
Asif Gada 420,UCC9KPOOB7TP3ErhFA5xSqUQ,961000,411823786,612,IN,2020-01-04T14:35:38.213148Z,Comedy,2025-10-13T16:41:43.995207+00:00
Mibong Bong Mibom,UCwbGwB7d1fcSg2QFTErNZEQ,147000,20288848,140,IN,2016-12-08T16:14:46Z,Comedy,2025-10-13T16:41:43.995217+00:00
Namum valarnthu saathipom,UCP4QJrI8ElIa2cjYc6kDPbA,200000,134953417,7790,,2020-11-17T14:28:54.412674Z,Comedy,2025-10-13T16:41:43.995228+00:00
Murari Ki Cocktail,UCiG4YPtAs0rAcI3A8jtnZrA,2220000,928316760,915,IN,2011-05-28T16:30:48Z,Comedy,2025-10-13T16:41:43.995240+00:00
TheMoneyMentor,UCdXhiiejNZFGRiUCmrfN4hg,349000,128209888,211,IN,2019-05-31T00:27:08Z,Comedy,2025-10-13T16:41:43.995251+00:00
laxmi srinu vlogs,UC4iMlM285L3tTyXvWXnSZww,3140000,2162512460,813,IN,2020-10-21T15:37:53.149041Z,Comedy,2025-10-13T16:41:45.689244+00:00
Mama with Babyma,UCbUuHPnqUjmnaHnXhLXnl1Q,2650000,2134069043,2440,IN,2020-11-04T08:27:03.173815Z,Comedy,2025-10-13T16:41:45.689312+00:00
LUI'S GOOD LIFE,UCSYFnfGSoFjhLiw8VvML-wg,1190000,1232917796,1239,IN,2022-10-25T14:07:46.956034Z,Comedy,2025-10-13T16:41:45.689350+00:00
Marliana Oliveira,UC6yfTSzyzRZ3U-5XPkMgV0g,289000,744858568,3017,BR,2015-03-17T00:07:33Z,Comedy,2025-10-13T16:41:45.689368+00:00
BlAcK hUndEr 45🖤,UCm4B3lHMWrFQBwEZAj3wxmA,1670000,1540749705,1072,,2020-07-27T05:01:57.084769Z,Comedy,2025-10-13T16:41:45.689389+00:00
Mr Vilayati,UCD5lsOPJK1B9MzIciyk6XSA,11000000,3990820337,565,IN,2023-06-21T12:56:41.888098Z,Comedy,2025-10-13T16:41:45.689409+00:00
devraj studio kurtha,UCnlj_N6tkgddtDnHf5wgbkw,1150000,454916581,572,IN,2018-03-14T09:00:41Z,Comedy,2025-10-13T16:41:45.689424+00:00
COMMANDO ACADEMY PHYSICAL,UCxyBCX9wgmtounAIU8T5pwQ,10100000,7549577828,4687,IN,2021-04-11T06:42:07.467787Z,Health,2025-10-13T16:54:36.912373+00:00
Marines,UCHstNaT6R-1zA0lBU_XBr_Q,455000,123040397,2882,,2005-11-16T23:38:37Z,Health,2025-10-13T16:54:36.912432+00:00
Prime Asia TV ,UCztSIZEGBfWfC3Mq63QXnsA,2580000,1461945649,18835,CA,2016-04-03T20:28:21Z,Health,2025-10-13T16:54:36.912457+00:00
Occupy Democrats,UCn_uMY15GlwaPpx80-WjR6g,1550000,1052822787,3881,US,2014-01-31T14:26:39Z,Health,2025-10-13T16:54:36.912469+00:00
NewsFirst Kannada,UCFRlIV1mX-traJb5fd7S3nw,4220000,4667417660,180232,IN,2018-07-16T07:29:02Z,Health,2025-10-13T16:54:36.912482+00:00
SOMOY TV,UCxHoBXkY88Tb8z1Ssj6CWsQ,27800000,19674970947,262423,US,2015-10-21T17:23:43Z,Health,2025-10-13T16:54:36.912505+00:00
RELENTLESS HOPE /Music & Podcast,UCr8tG45Df2b3eOPjuxgHSHQ,277000,3034405,270,US,2020-03-19T23:26:12.983838Z,Health,2025-10-13T16:54:36.912516+00:00
Jack Cocchiarella,UC7ddSzBrkukSCJzMIXfGEdg,1270000,502226483,2172,US,2024-07-09T15:36:49.01079Z,Health,2025-10-13T16:54:36.912523+00:00
Scott Rouse,UC5ZB2xWAaqZAsywmpPAj_aA,159000,10750896,171,US,2008-09-22T07:06:05Z,Health,2025-10-13T16:54:36.912536+00:00
Dr.Alamgir Mati,UCwM7AKI2YrMA_czTU2LXvJw,263000,21848498,2204,BD,2014-03-11T07:02:16Z,Health,2025-10-13T16:54:36.912550+00:00
HIIMS,UCodtmsu-lJgqJhiWNa7uQRA,647000,178502479,3625,IN,2021-07-20T03:57:37.190436Z,Health,2025-10-13T16:54:36.912561+00:00
Greater Kashmir,UCmzsSbFbWqDRNDem1idwNyQ,464000,110200834,14266,IN,2015-04-29T08:39:49Z,Health,2025-10-13T16:54:36.912570+00:00
Color Visión Canal 9,UCiDATmLMS6XfkB7mh8pmeHg,1250000,336467010,50755,DO,2015-05-14T15:58:51Z,Health,2025-10-13T16:54:36.912581+00:00
Genesis Yoga,UC4LzeOytRzlnV5yA7k5iHEg,1590000,224165664,1104,IN,2023-02-25T05:18:44.070437Z,Health,2025-10-13T16:54:36.912592+00:00
Dr. Nick Zyrowski,UCsHqu8IYwBjNLYk2MrNIxuw,671000,61837407,1056,US,2014-08-18T20:45:41Z,Health,2025-10-13T16:54:36.912601+00:00
Drip Beauty,UCk4PSVlyNKOlf7E_YUd7HCw,375000,88954840,178,US,2024-10-14T17:49:40.448887Z,Health,2025-10-13T16:54:36.912621+00:00
Shuddhi Ayurveda,UCrVOcb2fJCaVQlsI1_O_kHQ,548000,151718977,3262,IN,2020-10-14T12:14:14.377498Z,Health,2025-10-13T16:54:36.912631+00:00
Facts About AP,UC8W_1EpxleX6UAe_dvXM06w,175000,68169030,8473,IN,2023-08-24T07:03:13.700167Z,Health,2025-10-13T16:54:36.912642+00:00
Tanya Fashion SkinCare,UCDWCeTKGu34VwsPMHWndBYw,283000,193031968,582,IN,2020-07-25T04:18:49.321658Z,Health,2025-10-13T16:54:36.912653+00:00
Gossips24 Avenue,UCJ1aaSbOBVOTwwj9t1aDt_g,406000,178491506,3828,,2021-01-10T08:55:52.552344Z,Health,2025-10-13T16:54:36.912662+00:00
Tv9 Kannada,UC8dnBi4WUErqYQHZ4PfsLTg,11900000,14581278288,471690,IN,2010-03-18T10:56:47Z,Health,2025-10-13T16:54:36.912679+00:00
고대병원,UCloHi95j0b64KB7B0foV5qA,895000,145738189,4638,KR,2013-05-22T04:52:41Z,Health,2025-10-13T16:54:36.912690+00:00
nootan's world  ,UC9umvNt371eLyzwcoM8CP8w,239000,24504724,1812,IN,2018-05-30T07:13:05Z,Health,2025-10-13T16:54:36.912699+00:00
The Prime Expedition,UCpOi9n9VZG7G__9CEjeWiog,201000,56567413,1308,,2024-06-18T10:49:26.837097Z,Health,2025-10-13T16:54:38.609031+00:00
SketchtownYT,UC4sZoAqzA-7Mi02rw0AAPOQ,115000,96497722,523,IN,2023-05-30T16:46:49.495748Z,Health,2025-10-13T16:54:40.522323+00:00
Healthy Home,UCNbHS9QyI_zWVicnVzYJE6Q,267000,106155402,2288,,2022-07-29T13:07:44.31664Z,Health,2025-10-13T16:54:40.522412+00:00
Doctor Plus ,UCltGJiBfgrEhOZaogDKc-zA,120000,7335913,746,IN,2024-04-22T05:17:21.721294Z,Health,2025-10-13T16:54:40.522460+00:00
HAD agarwal kitchen ,UC6k7cd3YnmJ3Q0P9fse8wBA,122000,67642867,489,IN,2020-08-13T07:48:38.183112Z,Health,2025-10-13T16:54:40.522481+00:00
Bengali health 101,UCBBf2krm61cGZb66WrIES2Q,660000,79825822,1634,IN,2021-04-02T12:25:42.522084Z,Health,2025-10-13T16:54:40.522548+00:00
RH INSPIRED,UCvioKhK2TXWwNxXkgS2_w1A,331000,419886838,1282,IN,2024-05-08T08:19:07.481996Z,Health,2025-10-13T16:54:40.522570+00:00
Dhasarath vlogs,UCtabF4Zb2ui4_ezg1kwHqwQ,389000,213598027,2183,IN,2014-10-20T15:52:12Z,Health,2025-10-13T16:54:40.522588+00:00
Rasoi ki Pathshala,UC8YCj17jhoHENoLekpSlA2g,666000,234833129,917,IN,2021-11-24T18:06:26.756667Z,Health,2025-10-13T16:54:40.522604+00:00
Ai Bangla Health Tips,UCQBEJcKFrM-BF-oJBuXcr9Q,371000,256155111,810,IN,2022-06-22T05:41:44.096898Z,Health,2025-10-13T16:54:40.522643+00:00
StarKing Clips,UCMXuhT2whL6G7g2y7O444rg,176000,698239263,436,IN,2024-05-06T14:48:56.393065Z,Health,2025-10-13T16:54:40.522688+00:00
sandhu couple  ਅਬੋਹਰ ,UCx-24CvqJ24fi7VXhBmt9Zg,670000,96608666,1463,IN,2021-05-14T05:18:58.029408Z,Health,2025-10-13T16:54:40.522716+00:00
akriti tyagi Hisar club,UC43fyvs0xlEpXkTeV0Ff5PA,498000,514593094,3599,IN,2023-09-28T14:05:25.642732Z,Fitness,2025-10-13T16:58:54.472759+00:00
Body By Mark ,UCKpAgWzUDb2UMMQK1tC78OQ,530000,290630214,542,,2009-05-10T23:29:08Z,Fitness,2025-10-13T16:58:54.472864+00:00
Trustified,UClx75U-9bntP-qaQkcETNRg,636000,40375898,378,,2022-12-21T11:13:36.804654Z,Fitness,2025-10-13T16:58:56.196878+00:00
Filmmaker Thoughts,UCHm_mJ23LCwSs6Zpo79CX0w,391000,217561757,802,IN,2022-03-28T18:48:09.592949Z,Fitness,2025-10-13T16:58:58.172464+00:00
BG4K Shorts,UCFg9aCk2iARWwPgoMfMUunA,1580000,1944596306,241,IN,2025-01-26T09:21:31.600696Z,Fitness,2025-10-13T16:58:58.172618+00:00
TIRTHA 100k,UC0rkoJlpKPQn6oAur-r4Yeg,401000,470647048,189,,2025-01-09T15:00:17.78714Z,Fitness,2025-10-13T16:58:58.172643+00:00
KC FITNESS,UCcnxPK9ZvAZBLysFBPTpiCA,470000,594041879,5340,IN,2011-11-07T18:16:10Z,Fitness,2025-10-13T16:58:58.172689+00:00
SANTOSH FITNESS SERIES,UC_wCZvYREsamFMfd39BwFtA,394000,176096394,811,IN,2020-01-01T12:54:40.142136Z,Fitness,2025-10-13T16:58:58.172757+00:00
Lokaesh D,UCcrAeSt5W5MSsx_r2YLy8LQ,101000,43510398,677,IN,2013-04-28T17:36:43Z,Fitness,2025-10-13T16:58:58.172773+00:00
Anatolynox,UCj0mCZ6TBxyZjVAdzdGWtyQ,180000,132570199,328,,2023-10-31T07:59:40.610428Z,Fitness,2025-10-13T16:58:58.172796+00:00
Fitness Valley ,UC6MR2EE-DllIq2t_2zO5HFw,1630000,1130810210,5783,US,2022-05-30T15:11:27.386187Z,Fitness,2025-10-13T16:58:58.172816+00:00
Reggie C Fitness,UCZHAS7dvMNP6Nzs55YzIXkw,331000,101216891,3085,,2012-12-21T23:29:00Z,Fitness,2025-10-13T16:58:58.172839+00:00
Khushu Beauty Care,UCHAuJaGkMCL5lkoh4q6VeXQ,200000,127539307,2361,IN,2020-04-08T08:11:28.120608Z,Beauty,2025-10-13T17:05:35.221901+00:00
Grace,UCoIsOvQrS1UamjtOG77Qh-Q,158000,69953899,398,,2024-01-04T23:26:55.750681Z,Beauty,2025-10-13T17:05:35.221932+00:00
Olivia Olfactory,UCRGkzuXpYq4hCDGKe-9P50g,246000,60540903,393,US,2021-12-01T20:38:45.057694Z,Beauty,2025-10-13T17:05:35.221945+00:00
Asian Beauty Products,UCkvM1chPAWO1_KStGNIb8JQ,101000,166672111,85,,2024-08-02T14:25:43.168057Z,Beauty,2025-10-13T17:05:35.221980+00:00
Aylen Park,UCzQtGpWcgOyG0iCc-si1MWw,1470000,1090442973,262,US,2023-09-14T13:47:10.310253Z,Beauty,2025-10-13T17:05:35.221989+00:00
أزياء شهد العسل ,UCmDbT-VEG9p208a7yC8UuHw,222000,168113880,4051,TR,2016-06-19T14:14:40Z,Beauty,2025-10-13T17:05:35.222010+00:00
Caitlin Thexton,UClhp9r6NXY_OecSPL_AOJcQ,222000,188165736,696,US,2008-08-07T18:58:59Z,Beauty,2025-10-13T17:05:35.222017+00:00
Whispering Roots,UCNblSaJL89kKcN-sUE6HzKg,1220000,5049180,120,,2025-01-19T06:53:41.954305Z,Beauty,2025-10-13T17:05:35.222027+00:00
BEAUTY SINGH OFFICIAL ,UCkAsVfrezZSBooQV06yGTVw,207000,71517052,3648,IN,2024-03-29T10:51:41.793254Z,Beauty,2025-10-13T17:05:35.222037+00:00
The Global Glam,UC8Udz0rME08JmevGGaGsBXw,156000,110056221,372,IN,2018-07-30T12:40:15Z,Beauty,2025-10-13T17:05:35.222044+00:00
Jitendra Chitara 2,UCv-hQ8pUrRme_1c9TXFy2kw,642000,181249815,583,IN,2018-09-07T11:51:06Z,Beauty,2025-10-13T17:05:35.222744+00:00
Bungee Jumping Park,UCqvIAQQm0c70bPS7eeevP2A,1440000,1342337107,2916,IN,2023-08-25T10:20:10.371712Z,Beauty,2025-10-13T17:05:35.222758+00:00
Birds Lover,UCaXFvNs0u0kqaEEVIryzGHA,203000,104083197,2014,PK,2017-04-13T15:45:00Z,Beauty,2025-10-13T17:05:37.084647+00:00
8K VIDEOS ULTRA HD,UC8D_NXFBh8A9KSwo7x-wFdQ,1090000,457914616,808,US,2018-10-26T02:38:50Z,Beauty,2025-10-13T17:05:37.084686+00:00
LookMe,UCgQ4VAHrMKMCvfgIkxm5SSw,385000,239511329,792,TH,2022-08-08T03:17:45.900523Z,Beauty,2025-10-13T17:05:37.084696+00:00
AlwaysAmeera,UCzgqWTlKiQACMCxB4UUC8nQ,165000,25167608,1088,US,2007-05-29T18:40:34Z,Beauty,2025-10-13T17:05:37.084704+00:00
Real Fun & Play,UCHE-xh1sK4AH7uMFS6WjXHw,150000,94512118,3550,,2019-03-04T14:03:40Z,Beauty,2025-10-13T17:05:37.084716+00:00
TERIMERI MORAL KAHANIYA ,UCZA2AKnviqlEWZuGk2Kbw-w,2420000,713694160,4735,IN,2017-07-15T07:13:41Z,Beauty,2025-10-13T17:05:37.084725+00:00
AMARINTV : อมรินทร์ทีวี,UCzMoibQRslh_1bTuW0YXc6A,22200000,10366456027,133054,TH,2014-02-05T05:20:43Z,Beauty,2025-10-13T17:05:37.084738+00:00
SAMURAI GOCKEY,UC4Go5X5oIRQFRWwFnILCg5A,370000,234179582,1288,JP,2021-12-23T16:37:52.215005Z,Beauty,2025-10-13T17:05:37.084752+00:00
T R I N N Y,UC0QhU7ee8rr7Bl0DYN8oi7w,456000,120468300,2949,GB,2015-03-05T13:06:17Z,Beauty,2025-10-13T17:05:37.084760+00:00
OW Home Items ,UCis6qEMutFgH3M9hpDDPTsQ,113000,64637401,1507,PK,2023-10-03T18:00:17.942437Z,Beauty,2025-10-13T17:05:37.084774+00:00
Pamela Bardot ,UCBPxZnXsiXDrqZnqipKVQ2w,423000,343463571,1023,,2021-07-10T17:16:34.688882Z,Beauty,2025-10-13T17:05:37.084783+00:00
Gellae Nails,UCntK5WA0FwOCsGs-fzIvKtA,237000,155130981,1668,,2022-10-18T06:06:19.619622Z,Beauty,2025-10-13T17:05:37.084791+00:00
HMT Beauty,UCVqcbXHxnIak4hNipy6etOw,453000,523174423,391,US,2017-07-01T03:11:23Z,Beauty,2025-10-13T17:05:37.084800+00:00
Green TV Entertainment,UCF2ltLX1dnPa6-L1paPaMzw,12600000,7857258798,91053,PK,2022-08-27T20:07:40.560965Z,Beauty,2025-10-13T17:05:37.084814+00:00
Cynthia Dulude,UCgDzKSjHUuSioc8YhbnpwdA,700000,116666821,1095,CA,2011-01-11T02:40:53Z,Beauty,2025-10-13T17:05:37.084831+00:00
𝕄𝕚𝕤𝕤 _𝕤𝕒𝕕𝕒𝕒𝕥_ 𝕔𝕙𝕒𝕟𝕟𝕖𝕝,UCzwZN8q6_Mjb1pPkwqY7jpg,509000,256649426,2302,PK,2023-06-12T01:19:46.40248Z,Beauty,2025-10-13T17:05:37.084843+00:00
UNice,UC3q3_wTIta6f2FQmsAXkGwA,1340000,209388157,2441,US,2015-01-22T23:52:09Z,Beauty,2025-10-13T17:05:37.084856+00:00
Samapti Banerjee,UCfGCPkRVQ96abMaDyjN-YSg,319000,230155289,2090,,2019-10-21T10:55:25.14529Z,Beauty,2025-10-13T17:05:37.084870+00:00
James Welsh,UCPP291gN79qI1QZY1znOscg,1560000,211795775,996,GB,2015-02-11T22:39:13Z,Beauty,2025-10-13T17:05:37.084887+00:00
Julia Pushman,UCHyou5a9OJPAKCbrCTBXfCA,1950000,255711027,699,RU,2013-06-26T20:54:12Z,Beauty,2025-10-13T17:05:37.084904+00:00
Geeta Home remedies,UC4EcLtzRmmqyGNxpsSJEWDA,2360000,475392593,2100,IN,2019-08-07T13:29:53Z,Beauty,2025-10-13T17:05:37.084913+00:00
No Time For Style,UC857FAKsz_OaD1nVqTGochg,101000,36275903,1237,CH,2019-04-10T17:22:47Z,Beauty,2025-10-13T17:05:38.784915+00:00
Pintavalos 💄,UC7SOr3mu3Su3lr1bPvQaOSw,140000,56860138,1296,ES,2018-11-12T11:27:50Z,Beauty,2025-10-13T17:05:38.784931+00:00
Vibe Walk,UCLW1GSbdSqrJlx-rGDeapLg,100000,74987012,384,PK,2023-11-01T15:49:18.778824Z,Beauty,2025-10-13T17:05:38.784934+00:00
Bintang TV,UCWcnf3caMoZmqLV-1EpGzZQ,423000,107487331,3921,ID,2013-04-07T14:27:59Z,Beauty,2025-10-13T17:05:38.784943+00:00
Medical Dost,UCIourx8WPD_Ju6cOqoTd0Cw,915000,108359383,3474,IN,2014-11-10T10:45:18Z,Beauty,2025-10-13T17:05:38.784947+00:00
hrush,UCuC4Ta9_POmXpxVy-EX0Cew,250000,13326376,153,US,2013-07-19T02:45:04Z,Beauty,2025-10-13T17:05:38.784950+00:00
Alina Shmidt,UCS-cW6HsZQ_DbewrJH80hYw,1360000,1033357653,466,US,2012-10-17T19:01:59Z,Beauty,2025-10-13T17:05:38.784953+00:00
Manisha Sahu,UCcR5_9iC3r3V_K0kzrY5L5g,263000,110916204,927,IN,2021-09-14T14:09:47.476986Z,Beauty,2025-10-13T17:05:38.784955+00:00
Fashion Style&LADY,UCuFKb1VoTkrmCaaAgLi4pqg,293000,123952700,2951,UA,2024-02-29T18:43:59.199282Z,Fashion,2025-10-13T17:17:58.329551+00:00
ranukipraja,UCtjadhbOZKBWjqwRt449JNQ,846000,199313545,493,IN,2022-09-21T16:33:55.20477Z,Fashion,2025-10-13T17:17:58.329622+00:00
Unique MZ Fashions,UCSVJ4mIo0Gk-YLmQHQ7Q0og,166000,170571615,2643,PK,2020-06-01T11:05:45.029979Z,Fashion,2025-10-13T17:17:58.329642+00:00
The Carpet Critic,UCdHzZv2lphusQtcPHKLRASQ,563000,325821786,698,IN,2022-10-14T07:49:52.446395Z,Fashion,2025-10-13T17:17:58.329653+00:00
Queen of Supercars,UCv0tLoxMyJw0LLAEIpSrvrw,426000,320679703,145,AE,2018-07-01T14:04:01Z,Fashion,2025-10-13T17:17:58.329666+00:00
Sana Unique Fashion,UCWxuBGCou997wgS7-yo2lzw,136000,75843917,1452,,2019-04-30T18:09:57Z,Fashion,2025-10-13T17:17:58.329688+00:00
The Dream Stitching,UCYcKiX17AQEv3EQ85kZsI_w,272000,26746626,933,,2022-05-21T04:38:01.739246Z,Fashion,2025-10-13T17:17:58.329716+00:00
Fashion Store ,UCDZNR4pcppi06p0N0pKvdyQ,162000,106615323,1527,,2023-05-10T13:51:25.304038Z,Fashion,2025-10-13T17:17:58.329727+00:00
Round Outfit Brand,UC7B8Lkvg8c_-WNQJ4JhQ7rQ,151000,155185140,170,IN,2025-06-09T14:51:16.886707Z,Fashion,2025-10-13T17:18:00.218415+00:00
Thú bông vải Tiệm tạp hoá nhà May,UCHnOHhUYSc542TpIJxS0Jig,190000,525436108,988,,2024-12-21T17:42:41.827091Z,DIY,2025-10-13T17:31:08.208431+00:00
5-Minute Crafts,UC295-Dw_tDNtZXFeAPAW6Aw,81000000,28304205341,7874,US,2016-11-15T09:25:37Z,DIY,2025-10-13T17:31:08.208485+00:00
sori fashion,UC6-BTrlHkOuCor3eEt8BK0g,1570000,1022765537,904,IN,2021-01-16T07:58:45.383267Z,DIY,2025-10-13T17:31:08.208499+00:00
Jyoti Ghar Made ,UCt-V7mvmvpa9aJcC4caCPOw,184000,157300042,491,IN,2024-06-18T17:43:42.72768Z,DIY,2025-10-13T17:31:08.208509+00:00
5-Minute Crafts DIY,UC2etEuPIfohP4P53wM0KImA,20200000,5213015671,7226,US,2018-01-18T08:58:56Z,DIY,2025-10-13T17:31:08.208520+00:00
Fizzle Wop,UCW24VzH4Np5j597p8yzfD8A,7590000,15222464697,1583,US,2023-07-13T06:39:08.070692Z,DIY,2025-10-13T17:31:08.208528+00:00
Du it malayalam,UCRfz7NPHllNpE8ODILyWc9Q,339000,66025265,401,IN,2018-11-24T04:18:47Z,DIY,2025-10-13T17:31:08.208536+00:00
Juno Craft 주노 크래프트,UCy-7IKA1JPVotnRUADxr6wQ,4200000,2079170038,550,KR,2021-04-24T09:02:36.23606Z,DIY,2025-10-13T17:31:08.208553+00:00
BH Farm & Mini Tractor,UCCjOq-HhQYjYmKKUNzNmrLw,707000,3001204,73,US,2023-03-19T07:07:54.583513Z,DIY,2025-10-13T17:31:08.208573+00:00
BoomZy Doo,UCFGguhKQJOtRqBkn49Ped8g,3980000,7426416280,890,US,2024-06-05T07:02:52.222972Z,DIY,2025-10-13T17:31:08.208581+00:00
Coco Car Toys,UCbaJun_jq6nEL39FP_UNl6Q,917000,90945387,136,US,2012-06-01T21:03:41Z,DIY,2025-10-13T17:31:08.208604+00:00
ARD Room Tour,UCU2aRaPUP1FaDEya9dZombA,250000,89072919,413,DE,2021-03-04T09:22:42.060919Z,DIY,2025-10-13T17:31:08.208619+00:00
DIY Beauty On Purpose,UCqSWfQfcWqvkbZeIwS7kLOQ,166000,38264676,847,US,2012-12-19T23:27:54Z,DIY,2025-10-13T17:31:08.208630+00:00
Paloma Soares,UC_93S-IFcZBzNC3jHF2zEuw,1100000,175161202,2923,BR,2009-08-25T15:34:44Z,DIY,2025-10-13T17:31:08.208639+00:00
Workshop Insider,UCLsEDBZHFVKNsXRNaptNVWA,941000,727340083,303,US,2021-05-08T14:33:53.848161Z,DIY,2025-10-13T17:31:08.208651+00:00
Craft With Dinu,UCb5r5s3i8HBJ3qVJZYWg6oA,1080000,162098105,1587,IN,2024-04-09T09:25:20.360801Z,DIY,2025-10-13T17:31:08.208659+00:00
Cool Tool Global,UCBMfaXjDFhj21YtPH_2vBEw,353000,65281008,231,US,2024-02-07T08:50:14.823872Z,DIY,2025-10-13T17:31:08.208669+00:00
Nive Crafts,UCR8NsuqnMSWNQoKihSCdUcQ,811000,210985148,854,IN,2020-08-11T18:40:46.216766Z,DIY,2025-10-13T17:31:08.208678+00:00
Priyanjali Singh,UC9pakZJmYIZC2L-trUAQpRg,1470000,763935003,474,IN,2021-10-27T23:59:45.486206Z,DIY,2025-10-13T17:31:08.208688+00:00
Kalyani's corner,UCqe3-9srGs_JY9hyuHrhWHg,1120000,142712500,890,IN,2016-04-13T11:00:36Z,DIY,2025-10-13T17:31:08.208698+00:00
Artistic Rifat ,UCyX-5Fy5xJclfMW2FA4mbgQ,471000,235950345,412,,2022-08-09T07:04:38.770123Z,DIY,2025-10-13T17:31:08.208707+00:00
FLOWEE,UCn8e4U3gvkr3Lumc9B3EDpA,175000,22843406,686,ID,2020-08-07T11:37:51.165752Z,DIY,2025-10-13T17:31:08.208728+00:00
Rehaan Roy,UCz-b3bL0RRJsZGA962E5Jfw,4450000,472232219,363,IN,2011-08-23T16:49:57Z,DIY,2025-10-13T17:31:08.208737+00:00
Miss RR,UCvNeX65dV0PpzpzpBcfzL1A,460000,378610789,797,,2023-03-04T07:53:17.12061Z,DIY,2025-10-13T17:31:08.208751+00:00
Lone Fox,UCtwzsvzRCfPddq2gPlgKW1w,1770000,224868430,482,US,2018-03-01T21:24:35Z,DIY,2025-10-13T17:31:08.208767+00:00
LALAL'R,UCBp4zqRJdIkx9_ykn0XD5Zw,1080000,649172231,1173,FR,2020-09-16T07:08:45.335431Z,DIY,2025-10-13T17:31:08.208777+00:00
Liz Fenwick Daily,UCh_RHI0jX093gPxjyB5qenQ,102000,15815414,1142,US,2020-07-07T16:54:35.735128Z,DIY,2025-10-13T17:31:08.208791+00:00
Mansi's Handmade,UCx32BlNik6jPTH9va28OLXA,3770000,2890456362,775,IN,2015-11-29T17:16:17Z,DIY,2025-10-13T17:31:08.208817+00:00
Mr Harry12,UCkvVlvm0XbbSHW_EoCbBN5Q,120000,236483879,324,IN,2014-03-01T05:12:38Z,DIY,2025-10-13T17:31:10.015651+00:00
Unique Art And Craft With Vinita ,UCGJPC394Oocp4fHLiY17KgA,227000,22274062,1403,IN,2024-06-11T06:50:48.392608Z,DIY,2025-10-13T17:31:10.015692+00:00
Sathya samayal,UCZ4czhTzNhoFGHOOLUstJ7Q,202000,184310571,2495,IN,2017-12-27T13:37:59Z,DIY,2025-10-13T17:31:10.015708+00:00
Priya'z Kraft,UCW5XEtKzOlT-cXGxKt8r0uw,190000,141584122,418,IN,2022-10-03T11:23:26.40375Z,DIY,2025-10-13T17:31:10.015716+00:00
Mis Michiko,UCVzMClJRw7F0hRGsFK4phtQ,537000,398215310,1119,IN,2023-09-12T13:41:14.123559Z,DIY,2025-10-13T17:31:10.015722+00:00
Madness 24×7,UC8yODbj0cUR6PPMtlLO82vw,124000,44220254,2159,IN,2022-08-06T03:15:43.665794Z,DIY,2025-10-13T17:31:10.015727+00:00
Rajesh kadam vlogs,UCd84R_z_9WSEcRRXGDlRgMA,232000,278087674,340,IN,2017-11-10T17:34:47Z,DIY,2025-10-13T17:31:10.015735+00:00
Abeda Ezy Craft,UCUB8SHTYP3QtlA-Ufju7AfQ,265000,98581710,1951,IN,2020-09-29T16:10:39.908002Z,DIY,2025-10-13T17:31:10.015740+00:00
Saurabh Experiment ,UCx1TZomHnj41xVTLC4IWXSw,102000,26958335,256,IN,2020-08-03T05:44:41.464265Z,DIY,2025-10-13T17:31:10.015748+00:00
Craft Ideas,UCZ6kmTdQa549fEGN-4reFfg,184000,103342495,534,US,2023-03-01T13:20:06.077092Z,DIY,2025-10-13T17:31:11.747534+00:00
