thumbnail_file,actual_views,predicted_views,diff_views
wcvylcy_Fio.jpg,2179,3971,1791
kZh6CVwdanQ.jpg,75538,30823,-44714
4TxXjsYY8mI.jpg,721893,392916,-328977
vDwCfqzmbOI.jpg,24542,34014,9471
b4v15HCIwgQ.jpg,14319,13422,-896
xHDZ4YnJp0s.jpg,22360,120491,98130
12hseRC36Xk.jpg,50324,125827,75503
6xB7Q-1v8qM.jpg,209719,48492,-161226
OeF28VNAzvg.jpg,93750,137763,44013
85Bz-MC4Gkg.jpg,936908,374771,-562137
nfFyCZkwBuk.jpg,563291,817660,254368
sqrWktZ9670.jpg,1312910,1077342,-235568
JyS5pLfK0o8.jpg,77951,110486,32534
h65BA3FnyxE.jpg,10200,73921,63720
_aYS8jhU_kg.jpg,1604,23579,21974
caPJowga92M.jpg,1247107,25212,-1221895
G8zHsqHCbeo.jpg,151686,755701,604014
dEkLSWqetLE.jpg,17003,88261,71258
Criw9Bb7Q3c.jpg,172,947,774
6ZGxM2wbx4E.jpg,138948,60942,-78005
