video_id,channel_name,category,channel_id,viewCount,likeCount,commentCount,title,description,tags,publishedAt,duration,dimension,definition,caption,licensedContent,projection,liveActualStartTime,liveScheduledStartTime,concurrentViewers,snapshot_date,thumbnail_file,log2_views,y_norm,y_true_norm,y_pred_norm,actual_log2,pred_log2,actual_views,predicted_views,diff_views
Z9WUrOX9bKY,MrBeast Gaming,Gaming,UCIPPMRA040LQr5QPyJEbmXA,82062220.0,2748142.0,43344.0,I Made a 100 Player Building Competition!,,,2020-07-03T16:30:15Z,PT11M37S,2d,hd,False,True,rectangular,,,,2025-11-04T10:46:30.165624+00:00,Z9WUrOX9bKY.jpg,26.29021486526534,0.8431948609897566,0.8431948609897566,0.8955078,26.29021486526534,27.508213,82062220.00000009,190896200.0,108833971.99999991
V49xlBxg72U,Mansi's Handmade,DIY,UCx32BlNik6jPTH9va28OLXA,10498932.0,224981.0,1035.0,Paper Se Banae Cute Bags #diy #papercraft #art #craft,,,2025-04-23T07:43:03Z,PT49S,2d,hd,False,True,rectangular,,,,2025-11-04T10:46:30.472748+00:00,V49xlBxg72U.jpg,23.323739379357423,0.7157846911648268,0.7157846911648268,0.86328125,23.323739379357423,26.757885,10498931.999999993,113481740.0,102982812.0
O4QJxIGQHaQ,SoNeha Vlogs,Comedy,UC-AsdovtapbZnNougqi6EGg,9166613.0,150162.0,1101.0,RM Ke Birthday Pr Bhai ne Kiya Prank😱 #viralshort #comedy #btsarmy #bhai,,,2025-09-09T04:56:06Z,PT1M3S,2d,hd,False,True,rectangular,,,,2025-11-04T10:46:30.299748+00:00,O4QJxIGQHaQ.jpg,23.127957493165084,0.707375856004412,0.707375856004412,0.8515625,23.127957493165084,26.485039,9166612.999999994,93927144.0,84760531.0
cnl9M__S4JI,SoNeha Vlogs,Comedy,UC-AsdovtapbZnNougqi6EGg,48964974.0,583539.0,3143.0,Mummy Aur Purple Kapde pt3 💜😁 #viralshort #comedy #mummy #btsarmy,,,2025-09-16T10:58:44Z,PT1M,2d,hd,False,True,rectangular,,,,2025-11-04T10:46:30.299748+00:00,cnl9M__S4JI.jpg,25.545246812176583,0.8111984711294385,0.8111984711294385,0.8652344,25.545246812176583,26.80336,48964974.00000005,117115760.0,68150785.99999994
rncjTx-rRVc,MrBeast Gaming,Gaming,UCIPPMRA040LQr5QPyJEbmXA,55771620.0,1686467.0,50132.0,100 YouTubers Vs. World's Deadliest Tournament,,,2022-10-28T21:00:09Z,PT16M3S,2d,hd,True,True,rectangular,,,,2025-11-04T10:46:30.164626+00:00,rncjTx-rRVc.jpg,25.73302786767485,0.8192636704828781,0.8192636704828781,0.8652344,25.73302786767485,26.80336,55771620.00000001,117115760.0,61344139.99999999
DufkRlUzQD4,MrBeast Gaming,Gaming,UCIPPMRA040LQr5QPyJEbmXA,25426745.0,633186.0,19625.0,"Raiding Servers With 10,000 People!",,,2020-08-08T18:02:58Z,PT10M34S,2d,hd,False,True,rectangular,,,,2025-11-04T10:46:30.165624+00:00,DufkRlUzQD4.jpg,24.5998435084636,0.7705933840315236,0.7705933840315236,0.84033203,24.5998435084636,26.22356,25426745.00000002,78357080.0,52930334.999999985
jeRQxZtDWXI,Music Travel Love,Travel,UCLxAS02eWvfZK4icRNzWD_g,15273495.0,55253.0,1552.0,"Baby, Now That I've Found You (Cover) Music Travel Love (Castle Rock, Arizona USA)",,,2019-09-19T00:00:06Z,PT3M49S,2d,hd,False,True,rectangular,,,,2025-11-04T10:46:30.101591+00:00,jeRQxZtDWXI.jpg,23.864526987288595,0.7390115276221118,0.7390115276221118,0.8251953,23.864526987288595,25.871136,15273494.999999994,61374490.0,46100993.00000001
8qLStfpjPVU,SoNeha Vlogs,Comedy,UC-AsdovtapbZnNougqi6EGg,18886932.0,309185.0,1320.0,When Sisters in Same Class 😅 #viralshort #funny #school #sister,,,2025-08-18T10:39:16Z,PT1M,2d,hd,False,True,rectangular,,,,2025-11-04T10:46:30.299748+00:00,8qLStfpjPVU.jpg,24.17088510945648,0.7521696138959009,0.7521696138959009,0.8222656,24.17088510945648,25.802921,18886931.99999998,58540076.0,39653144.000000015
nuuvR5OBw9U,Flight Gamer,Gaming,UCt3mMVAyGhwQb_ZBGp_p85g,874593.0,11064.0,710.0,Franklin's Journey To Gold Supercars With Shinchan In GTA 5!,,,2025-06-20T07:35:03Z,PT37M34S,2d,hd,False,True,rectangular,,,,2025-11-04T10:46:30.171627+00:00,nuuvR5OBw9U.jpg,19.738253925531513,0.5617880332632502,0.5617880332632502,0.7763672,19.738253925531513,24.734276,874593.0000000001,27909940.0,27035347.0
qLnBYDW8_vI,SoNeha Vlogs,Comedy,UC-AsdovtapbZnNougqi6EGg,7431593.0,136060.0,1028.0,That One Showoff BTS ARMY Girl in Class 💜 #viralshort #comedy #school #btsarmy,,,2025-09-18T10:57:21Z,PT1M6S,2d,hd,False,True,rectangular,,,,2025-11-04T10:46:30.299748+00:00,qLnBYDW8_vI.jpg,22.82524025643412,0.6943741458186894,0.6943741458186894,0.7817383,22.82524025643412,24.85933,7431592.999999995,30437132.0,23005539.000000004
