video_id,title,thumbnail_file,actual_views,fusion_pred_views,error,abs_error
zVCs9Cug_qM,"$100,000 Dream vs Technoblade Duel!",zVCs9Cug_qM.jpg,44254895.99999995,110626583.50608015,66371687.5060802,66371687.5060802
rncjTx-rRVc,100 YouTubers Vs. World's Deadliest Tournament,rncjTx-rRVc.jpg,55771620.00000001,113391330.38652165,57619710.386521645,57619710.386521645
OMAZB31W9nE,I Walked Across The Earth!,OMAZB31W9nE.jpg,45675926.999999985,74555377.66108392,28879450.661083937,28879450.661083937
rdsXcS4guLQ,10 vs 1000 Player Manhunt!,rdsXcS4guLQ.jpg,35386628.0,52669482.10706063,17282854.107060634,17282854.107060634
dw9DmYfACso,Climbing The World's Tallest Mountain!,dw9DmYfACso.jpg,38154609.00000001,49518865.53709782,11364256.537097812,11364256.537097812
PwAMVSqP8_w,"I Hosted A $50,000 Talent Show!",PwAMVSqP8_w.jpg,34171234.0,44631473.748374596,10460239.748374596,10460239.748374596
yx8BzfZBg7s,Music Travel Love - The Only One (Official Video) Wedding Song,yx8BzfZBg7s.jpg,15126745.999999983,25299024.053575397,10172278.053575413,10172278.053575413
TkE_IGEEHXE,Bless the Broken Road - Music Travel Love (Cover),TkE_IGEEHXE.jpg,18672333.999999978,28305400.962889977,9633066.96289,9633066.96289
qTolSU-2aXk,"I Made a $100,000 Among Us Tournament!",qTolSU-2aXk.jpg,67497199.00000006,77116763.81289338,9619564.812893316,9619564.812893316
dmNUwPxAuow,$1000 For Every Kill!,dmNUwPxAuow.jpg,21564889.99999998,30004135.387811508,8439245.387811527,8439245.387811527
