video_id,title,thumbnail_file,actual_views,tabular_pred_views,error,abs_error
xN8ENrfE-TY,"If You Build a House, I'll Pay For It!",xN8ENrfE-TY.jpg,227392369.99999985,117927416.45366499,-109464953.54633486,109464953.54633486
JeTkMdw6RK8,World's Largest Experiment!,JeTkMdw6RK8.jpg,138598689.00000012,83452845.32107183,-55145843.678928286,55145843.678928286
lghlkDA1gVY,"Minecraft, But Everything is Random!",lghlkDA1gVY.jpg,146189677.0000001,102514011.70245637,-43675665.29754372,43675665.29754372
dLDj2TTyMGM,1 vs 100 Player Manhunt!,dLDj2TTyMGM.jpg,153908490.99999994,120735527.30451548,-33172963.69548446,33172963.69548446
Y3Lo33k4X44,Blowing Up Earth!,Y3Lo33k4X44.jpg,107625424.99999994,75177127.33769616,-32448297.662303776,32448297.662303776
VWH3GDikM9M,When You Say Nothing At All - Music Travel Love (Cover),VWH3GDikM9M.jpg,95645765.99999996,67663227.88264044,-27982538.11735952,27982538.11735952
q7SDW-u0bYQ,This I Promise You | Music Travel Love ft. Dave Moffatt & Francis Greg (NSYNC Cover),q7SDW-u0bYQ.jpg,52856555.00000006,25209271.449279804,-27647283.550720256,27647283.550720256
0QRTAwJoXuk,"10,000 Zombies vs Mutant Wither!",0QRTAwJoXuk.jpg,118864480.00000007,92005777.72853154,-26858702.271468535,26858702.271468535
MDfWMJsK6qA,The Ultimate GTA V Stunt Race!,MDfWMJsK6qA.jpg,74608731.99999991,51342175.475375086,-23266556.524624825,23266556.524624825
qFTl91r4uCQ,MUTTON SCRAMBLED EGG / Daddy / Village food factory,qFTl91r4uCQ.jpg,31096565.999999993,12024417.109955544,-19072148.89004445,19072148.89004445
