video_id,title,thumbnail_file,actual_views,cnn_pred_views,error,abs_error
rdsXcS4guLQ,10 vs 1000 Player Manhunt!,rdsXcS4guLQ.jpg,35386628.0,82643816.0,47257188.0,47257188.0
VNYF0cSBJkU,Can't Fight This Feeling - Music Travel Love ft. Francis Greg,VNYF0cSBJkU.jpg,1058543.0000000002,12724996.0,11666453.0,11666453.0
WAm47ynHhts,What A Wonderful World - Music Travel Love,WAm47ynHhts.jpg,6690884.000000006,17718092.0,11027207.999999994,11027207.999999994
znuZA4Dec8s,Justin Bieber - Baby | Music Travel Love (Cover),znuZA4Dec8s.jpg,5742370.999999994,15677902.0,9935531.000000006,9935531.000000006
yzzWW9uKqxE,Backstreet Boys - I Want It That Way | Music Travel Love ft. Francis Greg (Cover),yzzWW9uKqxE.jpg,72513714.00000001,79723240.0,7209525.999999985,7209525.999999985
kW2t_nuErwA,"Food Theory: I Made a $1,000,000 Whopper! (Burger King)",kW2t_nuErwA.jpg,1108918.9999999998,4262119.5,3153200.5,3153200.5
vYjzKPR7_CU,No Water for Years in a Mountain Home – One YouTube Video Changed Their Lives!,vYjzKPR7_CU.jpg,861176.9999999999,3798589.5,2937412.5,2937412.5
VpDDigIwVg0,बहु की मर्यादा [ New Comedy ] Bahu Ki Maryada Comedy ललटेनमा साथ उसकी मेहरारू @UdaydoctorBodhgaya,VpDDigIwVg0.jpg,469648.00000000006,3385471.0,2915823.0,2915823.0
0i1-ie6al7U,Miley Cyrus - Flowers | Music Travel Love (Acoustic Cover),0i1-ie6al7U.jpg,8159875.000000003,10861835.0,2701959.999999997,2701959.999999997
VK5K9fWflXI,Bi Huỳnh Phá Đảo Update Mới Với Thánh Kiếm Excalibur Triệu Hồi Sấm Sét Trong Dead Rails,VK5K9fWflXI.jpg,994322.000000001,3611989.8,2617667.749999999,2617667.749999999
